"PLOT_UNIQUE_ID","CYCLE","MEASYEAR","n_saplings","n_new_saplings","n_sapling_saplings","n_saplings_to_trees","n_saplings_died","n_saplings_removed","n_saplings_previous","prev_measyear","first_measyear","is_first_measyear","n_sapling_saplings_prop","n_saplings_to_trees_prop","n_saplings_died_prop","n_saplings_removed_prop"
"9_1_11_105",7,2016,3,0,3,0,0,0,3,2010,2010,FALSE,1,0,0,0
"9_1_11_107",6,2012,1,0,1,0,1,0,2,2008,2008,FALSE,0.5,0,0.5,0
"9_1_11_107",7,2018,2,1,1,0,0,0,1,2012,2008,FALSE,1,0,0,0
"9_1_11_135",6,2008,4,0,4,1,3,0,8,2003,2003,FALSE,0.5,0.125,0.375,0
"9_1_11_135",7,2014,3,0,3,0,1,0,4,2008,2003,FALSE,0.75,0,0.25,0
"9_1_11_135",8,2020,3,0,3,0,0,0,3,2014,2003,FALSE,1,0,0,0
"9_1_11_157",6,2012,7,0,7,0,0,0,7,2008,2008,FALSE,1,0,0,0
"9_1_11_157",7,2018,6,0,6,0,1,0,7,2012,2008,FALSE,0.857142857142857,0,0.142857142857143,0
"9_1_11_181",6,2011,6,0,6,0,0,0,6,2006,2006,FALSE,1,0,0,0
"9_1_11_181",7,2018,7,1,6,0,0,0,6,2011,2006,FALSE,1,0,0,0
"9_1_11_202",6,2010,7,0,7,0,1,0,8,2005,2005,FALSE,0.875,0,0.125,0
"9_1_11_202",7,2015,0,0,0,0,0,0,7,2010,2005,FALSE,0,0,0,0
"9_1_11_205",6,2010,0,0,0,0,1,0,1,2006,2006,FALSE,0,0,1,0
"9_1_11_217",6,2008,1,0,1,0,0,0,1,2003,2003,FALSE,1,0,0,0
"9_1_11_217",7,2014,1,0,1,0,0,0,1,2008,2003,FALSE,1,0,0,0
"9_1_11_217",8,2020,0,0,0,0,1,0,1,2014,2003,FALSE,0,0,1,0
"9_1_11_218",6,2010,6,2,4,0,0,0,4,2006,2006,FALSE,1,0,0,0
"9_1_11_218",7,2016,5,0,5,0,0,0,6,2010,2006,FALSE,0.833333333333333,0,0,0
"9_1_11_24",6,2009,0,0,0,0,2,0,2,2003,2003,FALSE,0,0,1,0
"9_1_11_248",6,2009,6,0,6,0,1,0,7,2004,2004,FALSE,0.857142857142857,0,0.142857142857143,0
"9_1_11_248",7,2015,6,0,6,0,3,0,6,2009,2004,FALSE,1,0,0.5,0
"9_1_11_264",6,2008,14,0,14,1,1,0,16,2004,2004,FALSE,0.875,0.0625,0.0625,0
"9_1_11_264",7,2013,13,0,13,0,1,0,14,2008,2004,FALSE,0.928571428571429,0,0.0714285714285714,0
"9_1_11_264",8,2021,10,0,10,0,3,0,13,2013,2004,FALSE,0.769230769230769,0,0.230769230769231,0
"9_1_11_266",6,2012,3,1,2,0,1,0,3,2007,2007,FALSE,0.666666666666667,0,0.333333333333333,0
"9_1_11_266",7,2016,3,0,3,0,0,0,3,2012,2007,FALSE,1,0,0,0
"9_1_11_269",6,2011,2,1,1,0,0,0,1,2006,2006,FALSE,1,0,0,0
"9_1_11_269",7,2017,6,1,5,0,0,0,2,2011,2006,FALSE,2.5,0,0,0
"9_1_11_313",6,2012,5,0,5,0,2,0,7,2006,2006,FALSE,0.714285714285714,0,0.285714285714286,0
"9_1_11_313",7,2018,8,1,7,0,0,0,5,2012,2006,FALSE,1.4,0,0,0
"9_1_11_315",6,2008,0,0,0,0,0,2,2,2003,2003,FALSE,0,0,0,1
"9_1_11_315",8,2020,1,1,0,0,0,0,0,2008,2003,FALSE,NA,NA,NA,NA
"9_1_11_33",6,2012,1,0,1,0,0,0,1,2008,2008,FALSE,1,0,0,0
"9_1_11_33",7,2018,1,0,1,0,0,0,1,2012,2008,FALSE,1,0,0,0
"9_1_11_360",6,2012,8,1,7,0,4,0,11,2008,2008,FALSE,0.636363636363636,0,0.363636363636364,0
"9_1_11_360",7,2018,3,0,3,0,5,0,8,2012,2008,FALSE,0.375,0,0.625,0
"9_1_11_394",6,2010,2,0,2,0,0,0,2,2005,2005,FALSE,1,0,0,0
"9_1_11_394",7,2014,2,0,2,0,0,0,2,2010,2005,FALSE,1,0,0,0
"9_1_11_394",8,2021,2,0,2,0,0,0,2,2014,2005,FALSE,1,0,0,0
"9_1_11_395",6,2010,2,0,2,0,0,0,2,2006,2006,FALSE,1,0,0,0
"9_1_11_395",7,2016,0,0,0,0,0,0,2,2010,2006,FALSE,0,0,0,0
"9_1_11_397",6,2009,3,1,2,0,4,0,6,2003,2003,FALSE,0.333333333333333,0,0.666666666666667,0
"9_1_11_397",7,2014,0,0,0,0,0,0,3,2009,2003,FALSE,0,0,0,0
"9_1_11_397",8,2020,2,2,0,0,0,0,0,2014,2003,FALSE,NA,NA,NA,NA
"9_1_11_41",6,2010,4,0,4,0,0,0,4,2004,2004,FALSE,1,0,0,0
"9_1_11_41",7,2014,3,0,3,1,0,0,4,2010,2004,FALSE,0.75,0.25,0,0
"9_1_11_41",8,2021,0,0,0,0,0,3,3,2014,2004,FALSE,0,0,0,1
"9_1_11_450",6,2010,5,2,3,0,0,0,3,2006,2006,FALSE,1,0,0,0
"9_1_11_450",7,2016,4,1,3,0,2,0,5,2010,2006,FALSE,0.6,0,0.4,0
"9_1_11_48",6,2009,1,0,1,0,0,0,1,2003,2003,FALSE,1,0,0,0
"9_1_11_48",7,2014,0,0,0,0,0,0,1,2009,2003,FALSE,0,0,0,0
"9_1_11_495",6,2010,2,0,2,0,0,0,2,2006,2006,FALSE,1,0,0,0
"9_1_11_495",7,2017,2,1,1,0,1,0,2,2010,2006,FALSE,0.5,0,0.5,0
"9_1_11_5",6,2008,0,0,0,0,0,0,6,2003,2003,FALSE,0,0,0,0
"9_1_11_6",6,2009,0,0,0,0,0,0,3,2003,2003,FALSE,0,0,0,0
"9_1_11_6",7,2013,2,2,0,0,0,0,0,2009,2003,FALSE,NA,NA,NA,NA
"9_1_11_6",8,2020,0,0,0,0,2,0,2,2013,2003,FALSE,0,0,1,0
"9_1_11_600",7,2018,0,0,0,0,0,0,1,2013,2013,FALSE,0,0,0,0
"9_1_11_601",6,2012,1,0,1,0,0,0,1,2006,2006,FALSE,1,0,0,0
"9_1_11_601",7,2018,0,0,0,0,1,0,1,2012,2006,FALSE,0,0,1,0
"9_1_11_603",6,2012,1,0,1,0,0,0,1,2008,2008,FALSE,1,0,0,0
"9_1_11_603",7,2018,1,0,1,0,0,0,1,2012,2008,FALSE,1,0,0,0
"9_1_11_621",6,2010,3,0,3,0,0,0,3,2005,2005,FALSE,1,0,0,0
"9_1_11_621",7,2014,3,0,3,0,0,0,3,2010,2005,FALSE,1,0,0,0
"9_1_11_621",8,2021,3,0,3,0,0,0,3,2014,2005,FALSE,1,0,0,0
"9_1_11_630",6,2012,4,2,2,0,0,0,2,2006,2006,FALSE,1,0,0,0
"9_1_11_630",7,2016,2,0,2,0,2,0,4,2012,2006,FALSE,0.5,0,0.5,0
"9_1_11_654",6,2008,0,0,0,0,0,0,3,2003,2003,FALSE,0,0,0,0
"9_1_11_654",7,2013,2,2,0,0,0,0,0,2008,2003,FALSE,NA,NA,NA,NA
"9_1_11_654",8,2020,4,3,1,0,1,0,2,2013,2003,FALSE,0.5,0,0.5,0
"9_1_11_662",6,2008,5,1,4,0,4,0,8,2003,2003,FALSE,0.5,0,0.5,0
"9_1_11_662",7,2013,5,1,4,0,1,0,5,2008,2003,FALSE,0.8,0,0.2,0
"9_1_11_662",8,2020,4,0,4,0,1,0,5,2013,2003,FALSE,0.8,0,0.2,0
"9_1_11_665",6,2012,5,0,5,0,2,0,7,2006,2006,FALSE,0.714285714285714,0,0.285714285714286,0
"9_1_11_665",7,2018,0,0,0,0,0,0,5,2012,2006,FALSE,0,0,0,0
"9_1_11_67",7,2019,12,4,8,0,0,0,8,2012,2012,FALSE,1,0,0,0
"9_1_11_672",7,2018,1,0,1,0,0,0,1,2012,2012,FALSE,1,0,0,0
"9_1_11_693",6,2009,2,0,2,0,1,0,3,2003,2003,FALSE,0.666666666666667,0,0.333333333333333,0
"9_1_11_693",7,2014,0,0,0,0,2,0,2,2009,2003,FALSE,0,0,1,0
"9_1_11_693",8,2019,13,13,0,0,0,0,0,2014,2003,FALSE,NA,NA,NA,NA
"9_1_11_696",6,2011,7,0,7,0,3,0,10,2008,2008,FALSE,0.7,0,0.3,0
"9_1_11_696",7,2018,3,0,3,2,2,0,7,2011,2008,FALSE,0.428571428571429,0.285714285714286,0.285714285714286,0
"9_1_11_715",7,2018,3,0,3,0,0,0,3,2012,2012,FALSE,1,0,0,0
"9_1_11_8",6,2009,3,0,3,0,1,0,4,2004,2004,FALSE,0.75,0,0.25,0
"9_1_11_8",7,2014,2,0,2,1,0,0,3,2009,2004,FALSE,0.666666666666667,0.333333333333333,0,0
"9_1_11_8",8,2021,1,0,1,0,1,0,2,2014,2004,FALSE,0.5,0,0.5,0
"9_1_11_95",6,2013,4,0,4,0,1,0,5,2008,2008,FALSE,0.8,0,0.2,0
"9_1_11_95",7,2018,4,0,4,0,0,0,4,2013,2008,FALSE,1,0,0,0
"9_1_13_109",6,2010,14,0,14,0,1,0,15,2005,2005,FALSE,0.933333333333333,0,0.0666666666666667,0
"9_1_13_109",7,2014,15,1,14,0,0,0,14,2010,2005,FALSE,1,0,0,0
"9_1_13_109",8,2021,12,1,11,2,2,0,15,2014,2005,FALSE,0.733333333333333,0.133333333333333,0.133333333333333,0
"9_1_13_114",6,2011,1,0,1,0,0,0,1,2008,2008,FALSE,1,0,0,0
"9_1_13_114",7,2017,1,0,1,0,0,0,1,2011,2008,FALSE,1,0,0,0
"9_1_13_138",6,2010,1,0,1,0,0,0,1,2004,2004,FALSE,1,0,0,0
"9_1_13_138",7,2014,1,0,1,0,0,0,1,2010,2004,FALSE,1,0,0,0
"9_1_13_138",8,2021,1,0,1,0,0,0,1,2014,2004,FALSE,1,0,0,0
"9_1_13_18",6,2009,2,0,2,0,1,0,3,2003,2003,FALSE,0.666666666666667,0,0.333333333333333,0
"9_1_13_18",7,2014,0,0,0,0,0,0,2,2009,2003,FALSE,0,0,0,0
"9_1_13_18",8,2020,1,1,0,0,0,0,0,2014,2003,FALSE,NA,NA,NA,NA
"9_1_13_209",6,2011,2,0,2,0,0,0,2,2006,2006,FALSE,1,0,0,0
"9_1_13_209",7,2017,4,2,2,0,0,0,2,2011,2006,FALSE,1,0,0,0
"9_1_13_21",6,2010,6,2,4,0,0,0,4,2007,2007,FALSE,1,0,0,0
"9_1_13_21",7,2017,10,0,10,0,0,0,6,2010,2007,FALSE,1.66666666666667,0,0,0
"9_1_13_231",6,2010,2,0,2,0,0,0,2,2006,2006,FALSE,1,0,0,0
"9_1_13_231",7,2016,2,0,2,0,0,0,2,2010,2006,FALSE,1,0,0,0
"9_1_13_243",6,2012,13,12,1,0,0,0,1,2008,2008,FALSE,1,0,0,0
"9_1_13_243",7,2018,15,4,11,1,1,0,13,2012,2008,FALSE,0.846153846153846,0.0769230769230769,0.0769230769230769,0
"9_1_13_258",6,2012,4,0,4,0,0,0,4,2008,2008,FALSE,1,0,0,0
"9_1_13_258",7,2018,4,0,4,0,0,0,4,2012,2008,FALSE,1,0,0,0
"9_1_13_323",6,2008,0,0,0,0,1,0,1,2003,2003,FALSE,0,0,1,0
"9_1_13_338",6,2009,3,1,2,0,1,0,3,2005,2005,FALSE,0.666666666666667,0,0.333333333333333,0
"9_1_13_338",7,2015,3,0,3,0,0,0,3,2009,2005,FALSE,1,0,0,0
"9_1_13_339",6,2010,11,3,8,0,2,0,10,2004,2004,FALSE,0.8,0,0.2,0
"9_1_13_339",7,2014,12,1,11,0,0,0,11,2010,2004,FALSE,1,0,0,0
"9_1_13_339",8,2021,10,1,9,3,0,0,12,2014,2004,FALSE,0.75,0.25,0,0
"9_1_13_404",6,2011,4,0,4,0,2,0,6,2007,2007,FALSE,0.666666666666667,0,0.333333333333333,0
"9_1_13_404",7,2016,3,0,3,1,0,0,4,2011,2007,FALSE,0.75,0.25,0,0
"9_1_13_441",6,2011,2,1,1,0,0,0,1,2007,2007,FALSE,1,0,0,0
"9_1_13_441",7,2016,1,1,0,1,1,0,2,2011,2007,FALSE,0,0.5,0.5,0
"9_1_13_485",6,2010,13,2,11,0,0,0,11,2005,2005,FALSE,1,0,0,0
"9_1_13_485",7,2015,12,1,11,0,2,0,13,2010,2005,FALSE,0.846153846153846,0,0.153846153846154,0
"9_1_13_506",6,2010,2,0,2,0,1,0,3,2004,2004,FALSE,0.666666666666667,0,0.333333333333333,0
"9_1_13_506",7,2014,3,1,2,0,0,0,2,2010,2004,FALSE,1,0,0,0
"9_1_13_506",8,2021,3,0,3,0,0,0,3,2014,2004,FALSE,1,0,0,0
"9_1_13_509",6,2010,1,0,1,0,0,0,1,2005,2005,FALSE,1,0,0,0
"9_1_13_509",7,2015,1,0,1,0,0,0,1,2010,2005,FALSE,1,0,0,0
"9_1_13_514",7,2016,4,0,4,0,0,0,4,2010,2010,FALSE,1,0,0,0
"9_1_13_53",6,2009,2,0,2,0,1,0,3,2003,2003,FALSE,0.666666666666667,0,0.333333333333333,0
"9_1_13_53",7,2014,2,0,2,0,0,0,2,2009,2003,FALSE,1,0,0,0
"9_1_13_53",8,2020,1,0,1,0,1,0,2,2014,2003,FALSE,0.5,0,0.5,0
"9_1_13_549",6,2010,2,0,2,0,1,0,3,2006,2006,FALSE,0.666666666666667,0,0.333333333333333,0
"9_1_13_549",7,2016,0,0,0,0,2,0,2,2010,2006,FALSE,0,0,1,0
"9_1_13_559",6,2012,10,0,10,0,0,0,10,2008,2008,FALSE,1,0,0,0
"9_1_13_559",7,2018,8,1,7,0,3,0,10,2012,2008,FALSE,0.7,0,0.3,0
"9_1_13_57",6,2012,1,0,1,0,3,0,4,2008,2008,FALSE,0.25,0,0.75,0
"9_1_13_57",7,2019,1,0,1,0,0,0,1,2012,2008,FALSE,1,0,0,0
"9_1_13_587",6,2011,5,1,4,0,0,0,4,2008,2008,FALSE,1,0,0,0
"9_1_13_587",7,2018,2,0,2,0,2,0,5,2011,2008,FALSE,0.4,0,0.4,0
"9_1_13_602",7,2019,0,0,0,0,0,0,2,2013,2013,FALSE,0,0,0,0
"9_1_13_618",6,2009,2,0,2,0,2,0,4,2003,2003,FALSE,0.5,0,0.5,0
"9_1_13_618",7,2014,4,0,4,0,0,0,2,2009,2003,FALSE,2,0,0,0
"9_1_13_618",8,2020,4,0,4,0,0,0,4,2014,2003,FALSE,1,0,0,0
"9_1_13_636",6,2010,0,0,0,1,0,0,1,2005,2005,FALSE,0,1,0,0
"9_1_13_636",7,2015,0,0,0,0,0,0,0,2010,2005,FALSE,NA,NA,NA,NA
"9_1_13_69",7,2016,7,2,5,0,1,0,6,2010,2010,FALSE,0.833333333333333,0,0.166666666666667,0
"9_1_13_87",6,2011,6,2,4,0,0,0,5,2007,2007,FALSE,0.8,0,0,0
"9_1_13_87",7,2017,5,0,5,0,1,0,6,2011,2007,FALSE,0.833333333333333,0,0.166666666666667,0
"9_1_15_163",6,2009,1,0,1,0,0,0,1,2005,2005,FALSE,1,0,0,0
"9_1_15_163",7,2015,1,0,1,0,0,0,1,2009,2005,FALSE,1,0,0,0
"9_1_15_203",6,2010,0,0,0,0,0,0,1,2005,2005,FALSE,0,0,0,0
"9_1_15_203",8,2021,5,5,0,0,0,0,0,2010,2005,FALSE,NA,NA,NA,NA
"9_1_15_241",6,2010,0,0,0,0,0,0,8,2005,2005,FALSE,0,0,0,0
"9_1_15_249",7,2016,5,0,5,0,0,0,5,2010,2010,FALSE,1,0,0,0
"9_1_15_295",6,2008,0,0,0,0,1,0,1,2003,2003,FALSE,0,0,1,0
"9_1_15_295",7,2014,1,1,0,0,0,0,0,2008,2003,FALSE,NA,NA,NA,NA
"9_1_15_295",8,2020,0,0,0,0,1,0,1,2014,2003,FALSE,0,0,1,0
"9_1_15_307",6,2013,7,1,6,0,0,0,6,2008,2008,FALSE,1,0,0,0
"9_1_15_307",7,2018,7,0,7,0,0,0,7,2013,2008,FALSE,1,0,0,0
"9_1_15_330",6,2010,0,0,0,0,0,0,1,2007,2007,FALSE,0,0,0,0
"9_1_15_330",7,2015,1,1,0,0,0,0,0,2010,2007,FALSE,NA,NA,NA,NA
"9_1_15_344",6,2010,1,0,1,0,0,0,1,2007,2007,FALSE,1,0,0,0
"9_1_15_344",7,2015,1,0,1,0,0,0,1,2010,2007,FALSE,1,0,0,0
"9_1_15_381",6,2012,7,2,5,0,0,0,5,2008,2008,FALSE,1,0,0,0
"9_1_15_381",7,2018,0,0,0,0,0,0,7,2012,2008,FALSE,0,0,0,0
"9_1_15_383",7,2014,0,0,0,0,0,9,9,2009,2009,FALSE,0,0,0,1
"9_1_15_383",8,2021,4,4,0,0,0,0,0,2014,2009,FALSE,NA,NA,NA,NA
"9_1_15_400",6,2010,0,0,0,0,0,0,2,2005,2005,FALSE,0,0,0,0
"9_1_15_402",6,2011,3,1,2,0,0,0,2,2007,2007,FALSE,1,0,0,0
"9_1_15_402",7,2018,0,0,0,0,0,0,3,2011,2007,FALSE,0,0,0,0
"9_1_15_405",6,2010,0,0,0,0,0,0,2,2005,2005,FALSE,0,0,0,0
"9_1_15_405",8,2021,1,1,0,0,0,0,0,2010,2005,FALSE,NA,NA,NA,NA
"9_1_15_413",6,2010,2,0,2,0,0,0,2,2007,2007,FALSE,1,0,0,0
"9_1_15_413",7,2016,2,0,2,0,0,0,2,2010,2007,FALSE,1,0,0,0
"9_1_15_427",6,2010,8,2,6,0,0,0,6,2005,2005,FALSE,1,0,0,0
"9_1_15_427",7,2014,8,2,6,0,2,0,8,2010,2005,FALSE,0.75,0,0.25,0
"9_1_15_427",8,2021,12,1,11,1,2,0,8,2014,2005,FALSE,1.375,0.125,0.25,0
"9_1_15_457",6,2010,2,2,0,0,1,0,1,2007,2007,FALSE,0,0,1,0
"9_1_15_457",7,2015,2,0,2,0,0,0,2,2010,2007,FALSE,1,0,0,0
"9_1_15_47",6,2009,5,0,5,0,0,0,5,2004,2004,FALSE,1,0,0,0
"9_1_15_47",7,2013,5,0,5,0,0,0,5,2009,2004,FALSE,1,0,0,0
"9_1_15_47",8,2020,4,0,4,0,1,0,5,2013,2004,FALSE,0.8,0,0.2,0
"9_1_15_473",6,2010,4,0,4,0,2,0,6,2007,2007,FALSE,0.666666666666667,0,0.333333333333333,0
"9_1_15_473",7,2016,0,0,0,0,0,0,4,2010,2007,FALSE,0,0,0,0
"9_1_15_477",6,2010,6,0,6,0,0,0,3,2005,2005,FALSE,2,0,0,0
"9_1_15_477",7,2015,0,0,0,0,0,0,6,2010,2005,FALSE,0,0,0,0
"9_1_15_477",8,2021,4,4,0,0,0,0,0,2015,2005,FALSE,NA,NA,NA,NA
"9_1_15_505",6,2009,12,0,12,0,0,0,12,2003,2003,FALSE,1,0,0,0
"9_1_15_505",7,2013,11,0,11,0,1,0,12,2009,2003,FALSE,0.916666666666667,0,0.0833333333333333,0
"9_1_15_505",8,2020,8,0,8,0,3,0,11,2013,2003,FALSE,0.727272727272727,0,0.272727272727273,0
"9_1_15_507",6,2009,8,1,7,0,0,0,7,2003,2003,FALSE,1,0,0,0
"9_1_15_507",7,2013,8,0,8,0,0,0,8,2009,2003,FALSE,1,0,0,0
"9_1_15_507",8,2020,8,0,8,0,0,0,8,2013,2003,FALSE,1,0,0,0
"9_1_15_524",6,2012,1,0,1,0,0,0,1,2007,2007,FALSE,1,0,0,0
"9_1_15_524",7,2019,2,1,1,0,0,0,1,2012,2007,FALSE,1,0,0,0
"9_1_15_535",6,2010,5,0,5,0,0,0,5,2005,2005,FALSE,1,0,0,0
"9_1_15_535",7,2016,4,0,4,0,1,0,5,2010,2005,FALSE,0.8,0,0.2,0
"9_1_15_541",6,2009,5,4,1,1,2,0,4,2003,2003,FALSE,0.25,0.25,0.5,0
"9_1_15_541",7,2013,12,8,4,0,1,0,5,2009,2003,FALSE,0.8,0,0.2,0
"9_1_15_541",8,2020,19,10,9,0,3,0,12,2013,2003,FALSE,0.75,0,0.25,0
"9_1_15_580",6,2011,5,0,5,0,0,0,5,2007,2007,FALSE,1,0,0,0
"9_1_15_580",7,2017,5,0,5,0,0,0,5,2011,2007,FALSE,1,0,0,0
"9_1_15_583",6,2009,1,0,1,0,0,0,1,2004,2004,FALSE,1,0,0,0
"9_1_15_583",7,2014,1,0,1,0,0,0,1,2009,2004,FALSE,1,0,0,0
"9_1_15_583",8,2021,0,0,0,0,1,0,1,2014,2004,FALSE,0,0,1,0
"9_1_15_584",6,2010,0,0,0,0,0,0,2,2005,2005,FALSE,0,0,0,0
"9_1_15_584",7,2015,9,9,0,0,0,0,0,2010,2005,FALSE,NA,NA,NA,NA
"9_1_15_606",7,2018,1,0,1,0,1,0,2,2013,2013,FALSE,0.5,0,0.5,0
"9_1_15_619",6,2009,7,1,6,0,0,0,6,2003,2003,FALSE,1,0,0,0
"9_1_15_619",7,2013,8,2,6,0,1,0,7,2009,2003,FALSE,0.857142857142857,0,0.142857142857143,0
"9_1_15_619",8,2020,7,0,7,0,1,0,8,2013,2003,FALSE,0.875,0,0.125,0
"9_1_15_625",6,2013,5,1,4,0,0,0,4,2008,2008,FALSE,1,0,0,0
"9_1_15_625",7,2020,3,1,2,0,3,0,5,2013,2008,FALSE,0.4,0,0.6,0
"9_1_15_649",6,2010,4,0,4,0,0,0,4,2005,2005,FALSE,1,0,0,0
"9_1_15_649",7,2014,4,0,4,0,0,0,4,2010,2005,FALSE,1,0,0,0
"9_1_15_649",8,2021,0,0,0,0,2,0,4,2014,2005,FALSE,0,0,0.5,0
"9_1_15_65",6,2009,4,0,4,0,2,0,6,2003,2003,FALSE,0.666666666666667,0,0.333333333333333,0
"9_1_15_65",7,2013,5,1,4,0,0,0,4,2009,2003,FALSE,1,0,0,0
"9_1_15_65",8,2020,0,0,0,0,0,0,5,2013,2003,FALSE,0,0,0,0
"9_1_15_657",6,2009,5,0,5,0,6,0,11,2003,2003,FALSE,0.454545454545455,0,0.545454545454545,0
"9_1_15_657",7,2013,4,0,4,0,1,0,5,2009,2003,FALSE,0.8,0,0.2,0
"9_1_15_657",8,2019,0,0,0,0,0,0,4,2013,2003,FALSE,0,0,0,0
"9_1_15_688",6,2012,11,0,11,0,3,0,14,2007,2007,FALSE,0.785714285714286,0,0.214285714285714,0
"9_1_15_688",7,2020,9,0,9,0,2,0,11,2012,2007,FALSE,0.818181818181818,0,0.181818181818182,0
"9_1_15_86",7,2018,0,0,0,0,0,0,6,2013,2013,FALSE,0,0,0,0
"9_1_1_112",6,2008,4,0,4,0,2,0,6,2003,2003,FALSE,0.666666666666667,0,0.333333333333333,0
"9_1_1_112",7,2013,3,0,3,0,1,0,4,2008,2003,FALSE,0.75,0,0.25,0
"9_1_1_112",8,2019,3,0,3,0,0,0,3,2013,2003,FALSE,1,0,0,0
"9_1_1_154",8,2021,0,0,0,0,1,0,1,2014,2014,FALSE,0,0,1,0
"9_1_1_235",6,2009,2,0,2,0,0,0,2,2005,2005,FALSE,1,0,0,0
"9_1_1_235",7,2014,2,0,2,0,0,0,2,2009,2005,FALSE,1,0,0,0
"9_1_1_235",8,2021,1,0,1,0,1,0,2,2014,2005,FALSE,0.5,0,0.5,0
"9_1_1_247",6,2012,1,0,1,0,0,0,1,2007,2007,FALSE,1,0,0,0
"9_1_1_247",7,2018,0,0,0,0,1,0,1,2012,2007,FALSE,0,0,1,0
"9_1_1_26",6,2009,2,0,2,0,1,0,3,2005,2005,FALSE,0.666666666666667,0,0.333333333333333,0
"9_1_1_26",7,2015,1,0,1,0,1,0,2,2009,2005,FALSE,0.5,0,0.5,0
"9_1_1_293",6,2012,1,0,1,0,0,0,1,2008,2008,FALSE,1,0,0,0
"9_1_1_293",7,2018,1,0,1,0,0,0,1,2012,2008,FALSE,1,0,0,0
"9_1_1_310",6,2012,1,0,1,0,0,0,1,2008,2008,FALSE,1,0,0,0
"9_1_1_310",7,2017,1,0,1,0,0,0,1,2012,2008,FALSE,1,0,0,0
"9_1_1_319",6,2012,1,0,1,0,3,0,4,2006,2006,FALSE,0.25,0,0.75,0
"9_1_1_319",7,2016,1,0,1,0,0,0,1,2012,2006,FALSE,1,0,0,0
"9_1_1_373",6,2008,1,0,1,0,1,0,2,2003,2003,FALSE,0.5,0,0.5,0
"9_1_1_373",7,2013,1,0,1,0,0,0,1,2008,2003,FALSE,1,0,0,0
"9_1_1_373",8,2021,0,0,0,0,1,0,1,2013,2003,FALSE,0,0,1,0
"9_1_1_423",6,2011,4,0,4,0,0,0,4,2007,2007,FALSE,1,0,0,0
"9_1_1_423",7,2018,6,0,6,0,1,0,4,2011,2007,FALSE,1.5,0,0.25,0
"9_1_1_447",6,2012,3,0,3,0,0,0,3,2008,2008,FALSE,1,0,0,0
"9_1_1_447",7,2019,2,0,2,0,1,0,3,2012,2008,FALSE,0.666666666666667,0,0.333333333333333,0
"9_1_1_478",6,2008,1,0,1,0,1,0,2,2003,2003,FALSE,0.5,0,0.5,0
"9_1_1_478",7,2013,1,0,1,0,0,0,1,2008,2003,FALSE,1,0,0,0
"9_1_1_478",8,2019,1,0,1,0,0,0,1,2013,2003,FALSE,1,0,0,0
"9_1_1_486",6,2010,2,0,2,0,0,0,2,2006,2006,FALSE,1,0,0,0
"9_1_1_486",7,2016,1,0,1,0,1,0,2,2010,2006,FALSE,0.5,0,0.5,0
"9_1_1_492",6,2009,1,0,1,0,0,0,1,2005,2005,FALSE,1,0,0,0
"9_1_1_492",7,2015,1,0,1,0,0,0,1,2009,2005,FALSE,1,0,0,0
"9_1_1_536",6,2010,3,0,3,0,1,0,4,2005,2005,FALSE,0.75,0,0.25,0
"9_1_1_536",7,2014,3,0,3,0,0,0,3,2010,2005,FALSE,1,0,0,0
"9_1_1_536",8,2021,2,0,2,0,1,0,3,2014,2005,FALSE,0.666666666666667,0,0.333333333333333,0
"9_1_1_542",8,2021,4,1,3,0,1,0,4,2014,2014,FALSE,0.75,0,0.25,0
"9_1_1_586",6,2012,3,0,3,0,1,0,4,2008,2008,FALSE,0.75,0,0.25,0
"9_1_1_586",7,2018,2,0,2,0,1,0,3,2012,2008,FALSE,0.666666666666667,0,0.333333333333333,0
"9_1_1_595",6,2009,3,0,3,0,1,0,4,2005,2005,FALSE,0.75,0,0.25,0
"9_1_1_595",7,2014,3,0,3,0,0,0,3,2009,2005,FALSE,1,0,0,0
"9_1_1_595",8,2021,2,0,2,0,1,0,3,2014,2005,FALSE,0.666666666666667,0,0.333333333333333,0
"9_1_1_614",6,2012,1,0,1,0,0,0,1,2007,2007,FALSE,1,0,0,0
"9_1_1_614",7,2019,0,0,0,0,0,0,1,2012,2007,FALSE,0,0,0,0
"9_1_1_63",6,2010,5,0,5,0,0,0,5,2006,2006,FALSE,1,0,0,0
"9_1_1_63",7,2015,4,0,4,0,1,0,5,2010,2006,FALSE,0.8,0,0.2,0
"9_1_1_640",7,2014,2,0,2,0,0,0,2,2010,2010,FALSE,1,0,0,0
"9_1_1_640",8,2021,2,0,2,0,0,0,2,2014,2010,FALSE,1,0,0,0
"9_1_1_658",6,2010,0,0,0,0,0,0,2,2006,2006,FALSE,0,0,0,0
"9_1_1_664",6,2010,4,0,4,0,0,0,4,2006,2006,FALSE,1,0,0,0
"9_1_1_664",7,2016,1,0,1,0,3,0,4,2010,2006,FALSE,0.25,0,0.75,0
"9_1_1_74",6,2012,2,0,2,0,0,0,2,2008,2008,FALSE,1,0,0,0
"9_1_1_74",7,2019,0,0,0,0,0,0,2,2012,2008,FALSE,0,0,0,0
"9_1_1_85",6,2011,5,0,5,0,1,0,6,2006,2006,FALSE,0.833333333333333,0,0.166666666666667,0
"9_1_1_85",7,2018,6,2,4,0,1,0,5,2011,2006,FALSE,0.8,0,0.2,0
"9_1_3_137",7,2018,4,3,1,0,1,0,2,2012,2012,FALSE,0.5,0,0.5,0
"9_1_3_147",6,2011,3,0,3,0,0,0,3,2007,2007,FALSE,1,0,0,0
"9_1_3_147",7,2017,2,0,2,0,0,0,3,2011,2007,FALSE,0.666666666666667,0,0,0
"9_1_3_15",6,2009,4,0,4,0,0,0,4,2005,2005,FALSE,1,0,0,0
"9_1_3_15",7,2015,6,2,4,0,0,0,4,2009,2005,FALSE,1,0,0,0
"9_1_3_161",6,2012,9,0,9,2,0,2,13,2008,2008,FALSE,0.692307692307692,0.153846153846154,0,0.153846153846154
"9_1_3_161",7,2018,0,0,0,0,0,0,9,2012,2008,FALSE,0,0,0,0
"9_1_3_165",6,2008,3,1,2,0,0,0,2,2003,2003,FALSE,1,0,0,0
"9_1_3_165",7,2013,3,0,3,0,0,0,3,2008,2003,FALSE,1,0,0,0
"9_1_3_165",8,2021,3,0,3,0,0,0,3,2013,2003,FALSE,1,0,0,0
"9_1_3_174",6,2009,5,0,5,0,1,0,6,2005,2005,FALSE,0.833333333333333,0,0.166666666666667,0
"9_1_3_174",7,2014,0,0,0,0,0,0,5,2009,2005,FALSE,0,0,0,0
"9_1_3_174",8,2021,2,2,0,0,0,0,0,2014,2005,FALSE,NA,NA,NA,NA
"9_1_3_189",6,2009,8,0,8,1,1,0,10,2005,2005,FALSE,0.8,0.1,0.1,0
"9_1_3_189",7,2015,8,0,8,0,0,0,8,2009,2005,FALSE,1,0,0,0
"9_1_3_193",6,2010,4,0,4,2,2,13,21,2006,2006,FALSE,0.19047619047619,0.0952380952380952,0.0952380952380952,0.619047619047619
"9_1_3_193",7,2015,4,0,4,0,0,0,4,2010,2006,FALSE,1,0,0,0
"9_1_3_200",6,2010,0,0,0,0,0,0,3,2004,2004,FALSE,0,0,0,0
"9_1_3_200",7,2015,3,3,0,0,0,0,0,2010,2004,FALSE,NA,NA,NA,NA
"9_1_3_214",6,2010,0,0,0,1,1,0,2,2006,2006,FALSE,0,0.5,0.5,0
"9_1_3_214",7,2016,0,0,0,0,0,0,0,2010,2006,FALSE,NA,NA,NA,NA
"9_1_3_230",6,2008,2,1,1,0,2,1,4,2003,2003,FALSE,0.25,0,0.5,0.25
"9_1_3_230",7,2013,3,1,2,0,0,0,2,2008,2003,FALSE,1,0,0,0
"9_1_3_230",8,2020,9,7,2,0,0,0,3,2013,2003,FALSE,0.666666666666667,0,0,0
"9_1_3_242",6,2012,0,0,0,0,0,0,1,2008,2008,FALSE,0,0,0,0
"9_1_3_242",7,2018,4,4,0,0,0,0,0,2012,2008,FALSE,NA,NA,NA,NA
"9_1_3_244",6,2008,0,0,0,0,0,0,4,2003,2003,FALSE,0,0,0,0
"9_1_3_244",7,2013,2,2,0,0,0,0,0,2008,2003,FALSE,NA,NA,NA,NA
"9_1_3_244",8,2021,1,0,1,1,0,0,2,2013,2003,FALSE,0.5,0.5,0,0
"9_1_3_288",6,2012,3,0,3,0,0,0,3,2007,2007,FALSE,1,0,0,0
"9_1_3_288",7,2019,3,0,3,0,0,0,3,2012,2007,FALSE,1,0,0,0
"9_1_3_3",6,2009,21,12,9,1,0,0,10,2004,2004,FALSE,0.9,0.1,0,0
"9_1_3_3",7,2014,20,1,19,0,2,0,21,2009,2004,FALSE,0.904761904761905,0,0.0952380952380952,0
"9_1_3_3",8,2021,13,0,13,0,7,0,20,2014,2004,FALSE,0.65,0,0.35,0
"9_1_3_304",7,2017,10,4,6,0,1,0,7,2012,2012,FALSE,0.857142857142857,0,0.142857142857143,0
"9_1_3_311",6,2009,16,1,15,2,2,0,19,2004,2004,FALSE,0.789473684210526,0.105263157894737,0.105263157894737,0
"9_1_3_311",7,2014,17,1,16,0,0,0,16,2009,2004,FALSE,1,0,0,0
"9_1_3_311",8,2021,12,0,12,0,5,0,17,2014,2004,FALSE,0.705882352941177,0,0.294117647058824,0
"9_1_3_316",6,2010,1,0,1,0,1,0,2,2006,2006,FALSE,0.5,0,0.5,0
"9_1_3_316",7,2016,1,0,1,0,0,0,1,2010,2006,FALSE,1,0,0,0
"9_1_3_331",6,2012,5,1,4,0,0,0,4,2008,2008,FALSE,1,0,0,0
"9_1_3_331",7,2019,5,1,4,0,1,0,5,2012,2008,FALSE,0.8,0,0.2,0
"9_1_3_353",6,2011,5,0,5,0,2,0,7,2008,2008,FALSE,0.714285714285714,0,0.285714285714286,0
"9_1_3_353",7,2017,1,0,1,1,3,0,5,2011,2008,FALSE,0.2,0.2,0.6,0
"9_1_3_359",6,2009,8,0,8,0,0,0,8,2005,2005,FALSE,1,0,0,0
"9_1_3_359",7,2014,7,1,6,1,1,0,8,2009,2005,FALSE,0.75,0.125,0.125,0
"9_1_3_359",8,2021,0,0,0,0,0,0,7,2014,2005,FALSE,0,0,0,0
"9_1_3_365",6,2008,4,1,3,0,2,0,5,2003,2003,FALSE,0.6,0,0.4,0
"9_1_3_365",7,2013,5,1,4,0,0,0,4,2008,2003,FALSE,1,0,0,0
"9_1_3_365",8,2019,5,0,5,0,0,0,5,2013,2003,FALSE,1,0,0,0
"9_1_3_389",6,2009,2,0,2,0,0,0,2,2004,2004,FALSE,1,0,0,0
"9_1_3_389",7,2014,1,0,1,0,1,0,2,2009,2004,FALSE,0.5,0,0.5,0
"9_1_3_389",8,2021,1,0,1,0,0,0,1,2014,2004,FALSE,1,0,0,0
"9_1_3_417",6,2012,4,1,3,0,0,0,3,2007,2007,FALSE,1,0,0,0
"9_1_3_417",7,2019,3,0,3,0,1,0,4,2012,2007,FALSE,0.75,0,0.25,0
"9_1_3_425",6,2012,14,1,13,0,5,0,18,2008,2008,FALSE,0.722222222222222,0,0.277777777777778,0
"9_1_3_425",7,2019,4,0,4,1,5,0,14,2012,2008,FALSE,0.285714285714286,0.0714285714285714,0.357142857142857,0
"9_1_3_443",6,2010,14,5,9,0,1,0,10,2005,2005,FALSE,0.9,0,0.1,0
"9_1_3_443",7,2015,11,1,10,0,4,0,14,2010,2005,FALSE,0.714285714285714,0,0.285714285714286,0
"9_1_3_519",6,2011,8,4,4,0,0,0,4,2006,2006,FALSE,1,0,0,0
"9_1_3_519",7,2017,0,0,0,0,0,0,8,2011,2006,FALSE,0,0,0,0
"9_1_3_557",6,2008,1,0,1,0,0,0,1,2003,2003,FALSE,1,0,0,0
"9_1_3_557",7,2013,1,0,1,0,0,0,1,2008,2003,FALSE,1,0,0,0
"9_1_3_557",8,2020,2,1,1,0,0,0,1,2013,2003,FALSE,1,0,0,0
"9_1_3_563",6,2008,11,0,11,0,3,0,14,2003,2003,FALSE,0.785714285714286,0,0.214285714285714,0
"9_1_3_563",7,2013,11,2,9,0,1,1,11,2008,2003,FALSE,0.818181818181818,0,0.0909090909090909,0.0909090909090909
"9_1_3_563",8,2019,12,2,10,0,1,0,11,2013,2003,FALSE,0.909090909090909,0,0.0909090909090909,0
"9_1_3_565",6,2009,5,0,5,1,1,0,7,2004,2004,FALSE,0.714285714285714,0.142857142857143,0.142857142857143,0
"9_1_3_565",7,2014,7,2,5,0,0,0,5,2009,2004,FALSE,1,0,0,0
"9_1_3_565",8,2021,6,1,5,1,1,0,7,2014,2004,FALSE,0.714285714285714,0.142857142857143,0.142857142857143,0
"9_1_3_578",6,2008,0,0,0,0,0,0,2,2003,2003,FALSE,0,0,0,0
"9_1_3_578",7,2013,1,1,0,0,0,0,0,2008,2003,FALSE,NA,NA,NA,NA
"9_1_3_578",8,2019,0,0,0,0,1,0,1,2013,2003,FALSE,0,0,1,0
"9_1_3_76",6,2010,1,0,1,0,0,0,1,2006,2006,FALSE,1,0,0,0
"9_1_3_76",7,2016,2,2,0,1,0,0,1,2010,2006,FALSE,0,1,0,0
"9_1_3_97",6,2008,0,0,0,0,3,0,3,2004,2004,FALSE,0,0,1,0
"9_1_5_10",6,2010,6,2,4,0,0,0,4,2006,2006,FALSE,1,0,0,0
"9_1_5_10",7,2016,6,0,6,0,0,0,6,2010,2006,FALSE,1,0,0,0
"9_1_5_101",6,2012,1,1,0,0,3,0,3,2008,2008,FALSE,0,0,1,0
"9_1_5_101",7,2018,7,6,1,0,0,0,1,2012,2008,FALSE,1,0,0,0
"9_1_5_104",6,2008,7,1,6,0,1,0,7,2004,2004,FALSE,0.857142857142857,0,0.142857142857143,0
"9_1_5_104",7,2013,6,1,5,1,1,0,7,2008,2004,FALSE,0.714285714285714,0.142857142857143,0.142857142857143,0
"9_1_5_104",8,2020,7,2,5,0,1,0,6,2013,2004,FALSE,0.833333333333333,0,0.166666666666667,0
"9_1_5_116",6,2012,1,0,1,0,0,0,1,2008,2008,FALSE,1,0,0,0
"9_1_5_116",7,2018,1,0,1,0,0,0,1,2012,2008,FALSE,1,0,0,0
"9_1_5_117",6,2010,0,0,0,0,1,0,1,2006,2006,FALSE,0,0,1,0
"9_1_5_123",6,2010,2,0,2,0,0,0,2,2005,2005,FALSE,1,0,0,0
"9_1_5_123",7,2015,2,0,2,0,0,0,2,2010,2005,FALSE,1,0,0,0
"9_1_5_133",7,2016,4,0,4,0,0,0,4,2010,2010,FALSE,1,0,0,0
"9_1_5_141",6,2010,3,0,3,0,0,0,3,2006,2006,FALSE,1,0,0,0
"9_1_5_141",7,2016,4,1,3,0,0,0,3,2010,2006,FALSE,1,0,0,0
"9_1_5_142",6,2010,4,0,4,0,0,0,4,2006,2006,FALSE,1,0,0,0
"9_1_5_142",7,2016,4,0,4,0,0,0,4,2010,2006,FALSE,1,0,0,0
"9_1_5_150",6,2008,1,0,1,0,0,0,1,2004,2004,FALSE,1,0,0,0
"9_1_5_150",7,2013,0,0,0,0,1,0,1,2008,2004,FALSE,0,0,1,0
"9_1_5_167",6,2011,2,0,2,2,0,0,4,2006,2006,FALSE,0.5,0.5,0,0
"9_1_5_167",7,2017,3,1,2,0,0,0,2,2011,2006,FALSE,1,0,0,0
"9_1_5_187",7,2019,1,0,1,0,0,0,1,2012,2012,FALSE,1,0,0,0
"9_1_5_19",6,2010,8,0,8,1,0,0,9,2006,2006,FALSE,0.888888888888889,0.111111111111111,0,0
"9_1_5_19",7,2015,8,0,8,0,0,0,8,2010,2006,FALSE,1,0,0,0
"9_1_5_20",6,2008,8,1,7,0,0,0,7,2003,2003,FALSE,1,0,0,0
"9_1_5_20",7,2013,8,0,8,0,0,0,8,2008,2003,FALSE,1,0,0,0
"9_1_5_20",8,2020,7,0,7,1,0,0,8,2013,2003,FALSE,0.875,0.125,0,0
"9_1_5_228",6,2011,2,0,2,0,0,0,2,2008,2008,FALSE,1,0,0,0
"9_1_5_228",7,2018,1,0,1,0,1,0,2,2011,2008,FALSE,0.5,0,0.5,0
"9_1_5_237",6,2011,2,0,2,0,0,0,2,2007,2007,FALSE,1,0,0,0
"9_1_5_237",7,2016,1,0,1,0,1,0,2,2011,2007,FALSE,0.5,0,0.5,0
"9_1_5_252",7,2016,1,0,1,0,0,0,1,2010,2010,FALSE,1,0,0,0
"9_1_5_254",6,2008,5,0,5,0,1,0,6,2003,2003,FALSE,0.833333333333333,0,0.166666666666667,0
"9_1_5_254",7,2013,3,0,3,0,2,0,5,2008,2003,FALSE,0.6,0,0.4,0
"9_1_5_254",8,2019,2,0,2,0,1,0,3,2013,2003,FALSE,0.666666666666667,0,0.333333333333333,0
"9_1_5_276",6,2010,8,0,8,1,0,0,9,2004,2004,FALSE,0.888888888888889,0.111111111111111,0,0
"9_1_5_276",7,2014,8,1,7,1,0,0,8,2010,2004,FALSE,0.875,0.125,0,0
"9_1_5_276",8,2021,4,0,4,0,4,0,8,2014,2004,FALSE,0.5,0,0.5,0
"9_1_5_287",6,2008,1,0,1,0,1,0,2,2003,2003,FALSE,0.5,0,0.5,0
"9_1_5_287",7,2013,1,0,1,0,0,0,1,2008,2003,FALSE,1,0,0,0
"9_1_5_287",8,2020,0,0,0,0,1,0,1,2013,2003,FALSE,0,0,1,0
"9_1_5_300",6,2010,3,0,3,0,0,0,3,2006,2006,FALSE,1,0,0,0
"9_1_5_300",7,2015,4,1,3,0,0,0,3,2010,2006,FALSE,1,0,0,0
"9_1_5_301",6,2008,0,0,0,0,0,1,1,2003,2003,FALSE,0,0,0,1
"9_1_5_312",6,2009,0,0,0,0,0,0,2,2005,2005,FALSE,0,0,0,0
"9_1_5_340",6,2010,1,0,1,0,0,0,1,2005,2005,FALSE,1,0,0,0
"9_1_5_340",7,2016,1,0,1,0,0,0,1,2010,2005,FALSE,1,0,0,0
"9_1_5_341",6,2009,8,2,6,0,5,0,11,2005,2005,FALSE,0.545454545454545,0,0.454545454545455,0
"9_1_5_341",7,2014,7,0,7,0,1,0,8,2009,2005,FALSE,0.875,0,0.125,0
"9_1_5_341",8,2021,6,1,5,1,1,0,7,2014,2005,FALSE,0.714285714285714,0.142857142857143,0.142857142857143,0
"9_1_5_348",6,2009,4,1,3,0,0,0,3,2005,2005,FALSE,1,0,0,0
"9_1_5_348",7,2015,4,0,4,0,0,0,4,2009,2005,FALSE,1,0,0,0
"9_1_5_36",6,2010,5,0,5,0,0,0,5,2006,2006,FALSE,1,0,0,0
"9_1_5_36",7,2016,6,1,5,0,0,0,5,2010,2006,FALSE,1,0,0,0
"9_1_5_366",6,2008,7,0,7,0,1,0,8,2003,2003,FALSE,0.875,0,0.125,0
"9_1_5_366",7,2013,7,0,7,0,0,0,7,2008,2003,FALSE,1,0,0,0
"9_1_5_366",8,2020,4,0,4,1,2,0,7,2013,2003,FALSE,0.571428571428571,0.142857142857143,0.285714285714286,0
"9_1_5_375",6,2008,0,0,0,0,1,0,1,2003,2003,FALSE,0,0,1,0
"9_1_5_382",6,2009,2,0,2,0,1,0,3,2003,2003,FALSE,0.666666666666667,0,0.333333333333333,0
"9_1_5_382",7,2013,2,0,2,0,0,0,2,2009,2003,FALSE,1,0,0,0
"9_1_5_382",8,2019,2,0,2,0,0,0,2,2013,2003,FALSE,1,0,0,0
"9_1_5_390",6,2010,15,1,14,0,0,0,14,2004,2004,FALSE,1,0,0,0
"9_1_5_390",7,2015,12,0,12,0,3,0,15,2010,2004,FALSE,0.8,0,0.2,0
"9_1_5_390",8,2021,5,0,5,0,7,0,12,2015,2004,FALSE,0.416666666666667,0,0.583333333333333,0
"9_1_5_414",6,2011,2,0,2,0,0,0,2,2006,2006,FALSE,1,0,0,0
"9_1_5_414",7,2017,2,0,2,0,0,0,2,2011,2006,FALSE,1,0,0,0
"9_1_5_430",6,2010,4,0,4,0,0,0,4,2006,2006,FALSE,1,0,0,0
"9_1_5_430",7,2015,4,0,4,0,0,0,4,2010,2006,FALSE,1,0,0,0
"9_1_5_436",8,2020,0,0,0,0,0,0,1,2013,2013,FALSE,0,0,0,0
"9_1_5_444",6,2011,18,1,17,0,0,0,17,2006,2006,FALSE,1,0,0,0
"9_1_5_444",7,2018,19,3,16,0,2,0,18,2011,2006,FALSE,0.888888888888889,0,0.111111111111111,0
"9_1_5_448",6,2010,5,0,5,0,0,0,5,2005,2005,FALSE,1,0,0,0
"9_1_5_448",7,2015,5,0,5,0,0,0,5,2010,2005,FALSE,1,0,0,0
"9_1_5_449",6,2011,3,0,3,0,0,0,3,2006,2006,FALSE,1,0,0,0
"9_1_5_449",7,2017,2,0,2,0,1,0,3,2011,2006,FALSE,0.666666666666667,0,0.333333333333333,0
"9_1_5_452",6,2008,11,1,10,1,1,0,12,2004,2004,FALSE,0.833333333333333,0.0833333333333333,0.0833333333333333,0
"9_1_5_452",7,2013,5,0,5,1,5,0,11,2008,2004,FALSE,0.454545454545455,0.0909090909090909,0.454545454545455,0
"9_1_5_452",8,2020,3,0,3,0,2,0,5,2013,2004,FALSE,0.6,0,0.4,0
"9_1_5_459",6,2011,2,0,2,0,0,0,2,2007,2007,FALSE,1,0,0,0
"9_1_5_459",7,2018,1,0,1,0,1,0,2,2011,2007,FALSE,0.5,0,0.5,0
"9_1_5_462",6,2011,1,0,1,0,0,0,1,2008,2008,FALSE,1,0,0,0
"9_1_5_462",7,2017,0,0,0,0,1,0,1,2011,2008,FALSE,0,0,1,0
"9_1_5_479",6,2012,4,1,3,0,0,0,5,2008,2008,FALSE,0.6,0,0,0
"9_1_5_479",7,2018,2,1,1,2,1,0,4,2012,2008,FALSE,0.25,0.5,0.25,0
"9_1_5_503",6,2010,4,0,4,0,0,0,4,2005,2005,FALSE,1,0,0,0
"9_1_5_503",7,2015,3,0,3,0,1,0,4,2010,2005,FALSE,0.75,0,0.25,0
"9_1_5_508",7,2014,4,3,1,0,0,0,1,2010,2010,FALSE,1,0,0,0
"9_1_5_508",8,2021,5,1,4,0,0,0,4,2014,2010,FALSE,1,0,0,0
"9_1_5_51",6,2008,2,0,2,0,1,0,3,2003,2003,FALSE,0.666666666666667,0,0.333333333333333,0
"9_1_5_51",7,2013,1,0,1,0,1,0,2,2008,2003,FALSE,0.5,0,0.5,0
"9_1_5_51",8,2020,1,0,1,0,0,0,1,2013,2003,FALSE,1,0,0,0
"9_1_5_517",7,2018,0,0,0,0,1,0,1,2012,2012,FALSE,0,0,1,0
"9_1_5_520",6,2009,4,1,3,0,0,0,3,2004,2004,FALSE,1,0,0,0
"9_1_5_520",7,2015,4,1,3,0,1,0,4,2009,2004,FALSE,0.75,0,0.25,0
"9_1_5_521",6,2008,3,0,3,0,1,0,4,2004,2004,FALSE,0.75,0,0.25,0
"9_1_5_521",7,2013,2,0,2,0,1,0,3,2008,2004,FALSE,0.666666666666667,0,0.333333333333333,0
"9_1_5_521",8,2019,1,0,1,0,1,0,2,2013,2004,FALSE,0.5,0,0.5,0
"9_1_5_54",6,2012,0,0,0,0,0,1,1,2008,2008,FALSE,0,0,0,1
"9_1_5_544",6,2010,4,0,4,0,1,1,6,2005,2005,FALSE,0.666666666666667,0,0.166666666666667,0.166666666666667
"9_1_5_544",7,2014,0,0,0,0,0,0,4,2010,2005,FALSE,0,0,0,0
"9_1_5_558",6,2012,1,0,1,1,0,1,3,2008,2008,FALSE,0.333333333333333,0.333333333333333,0,0.333333333333333
"9_1_5_558",7,2019,1,0,1,0,0,0,1,2012,2008,FALSE,1,0,0,0
"9_1_5_567",6,2010,6,5,1,0,0,0,1,2006,2006,FALSE,1,0,0,0
"9_1_5_567",7,2015,7,1,6,0,0,0,6,2010,2006,FALSE,1,0,0,0
"9_1_5_598",6,2012,5,0,5,0,1,0,6,2007,2007,FALSE,0.833333333333333,0,0.166666666666667,0
"9_1_5_598",7,2018,2,0,2,1,2,0,5,2012,2007,FALSE,0.4,0.2,0.4,0
"9_1_5_61",6,2008,0,0,0,0,0,0,6,2003,2003,FALSE,0,0,0,0
"9_1_5_61",7,2013,4,4,0,0,0,0,0,2008,2003,FALSE,NA,NA,NA,NA
"9_1_5_61",8,2020,2,0,2,0,2,0,4,2013,2003,FALSE,0.5,0,0.5,0
"9_1_5_611",6,2008,4,0,4,0,0,0,4,2003,2003,FALSE,1,0,0,0
"9_1_5_611",7,2014,0,0,0,0,0,0,4,2008,2003,FALSE,0,0,0,0
"9_1_5_611",8,2020,1,1,0,0,0,0,0,2014,2003,FALSE,NA,NA,NA,NA
"9_1_5_628",6,2012,3,0,3,0,0,0,3,2008,2008,FALSE,1,0,0,0
"9_1_5_628",7,2019,0,0,0,0,3,0,3,2012,2008,FALSE,0,0,1,0
"9_1_5_632",6,2012,6,0,6,1,0,0,7,2008,2008,FALSE,0.857142857142857,0.142857142857143,0,0
"9_1_5_632",7,2018,6,0,6,0,0,0,6,2012,2008,FALSE,1,0,0,0
"9_1_5_638",6,2008,0,0,0,1,0,0,1,2003,2003,FALSE,0,1,0,0
"9_1_5_638",7,2013,0,0,0,0,0,0,0,2008,2003,FALSE,NA,NA,NA,NA
"9_1_5_638",8,2019,0,0,0,0,0,0,0,2013,2003,FALSE,NA,NA,NA,NA
"9_1_5_645",6,2010,1,0,1,0,0,0,1,2005,2005,FALSE,1,0,0,0
"9_1_5_645",7,2015,1,0,1,0,0,0,1,2010,2005,FALSE,1,0,0,0
"9_1_5_650",6,2010,4,0,4,0,1,0,5,2005,2005,FALSE,0.8,0,0.2,0
"9_1_5_650",7,2014,3,0,3,0,1,0,4,2010,2005,FALSE,0.75,0,0.25,0
"9_1_5_650",8,2021,2,0,2,0,1,0,3,2014,2005,FALSE,0.666666666666667,0,0.333333333333333,0
"9_1_5_663",6,2008,5,3,2,0,1,0,3,2003,2003,FALSE,0.666666666666667,0,0.333333333333333,0
"9_1_5_663",7,2014,0,0,0,0,0,0,5,2008,2003,FALSE,0,0,0,0
"9_1_5_676",6,2011,3,0,3,0,0,0,3,2008,2008,FALSE,1,0,0,0
"9_1_5_676",7,2018,1,0,1,0,2,0,3,2011,2008,FALSE,0.333333333333333,0,0.666666666666667,0
"9_1_5_82",6,2009,2,0,2,0,0,0,2,2005,2005,FALSE,1,0,0,0
"9_1_5_82",7,2014,2,0,2,0,0,0,2,2009,2005,FALSE,1,0,0,0
"9_1_5_82",8,2021,1,0,1,0,1,0,2,2014,2005,FALSE,0.5,0,0.5,0
"9_1_5_93",6,2010,2,1,1,0,0,0,1,2006,2006,FALSE,1,0,0,0
"9_1_5_93",7,2016,0,0,0,0,0,0,2,2010,2006,FALSE,0,0,0,0
"9_1_7_145",6,2010,17,12,5,1,3,0,9,2006,2006,FALSE,0.555555555555556,0.111111111111111,0.333333333333333,0
"9_1_7_145",7,2015,22,5,17,0,0,0,17,2010,2006,FALSE,1,0,0,0
"9_1_7_191",6,2009,3,0,3,0,3,0,6,2004,2004,FALSE,0.5,0,0.5,0
"9_1_7_191",7,2014,3,0,3,0,0,0,3,2009,2004,FALSE,1,0,0,0
"9_1_7_191",8,2021,1,0,1,0,2,0,3,2014,2004,FALSE,0.333333333333333,0,0.666666666666667,0
"9_1_7_199",6,2010,5,1,4,0,0,0,4,2006,2006,FALSE,1,0,0,0
"9_1_7_199",7,2015,8,3,5,0,0,0,5,2010,2006,FALSE,1,0,0,0
"9_1_7_233",6,2010,5,0,5,0,1,0,6,2005,2005,FALSE,0.833333333333333,0,0.166666666666667,0
"9_1_7_233",7,2015,4,0,4,0,1,0,5,2010,2005,FALSE,0.8,0,0.2,0
"9_1_7_289",6,2012,7,6,1,0,0,0,1,2008,2008,FALSE,1,0,0,0
"9_1_7_289",7,2018,11,5,6,0,1,0,7,2012,2008,FALSE,0.857142857142857,0,0.142857142857143,0
"9_1_7_322",6,2008,3,0,3,0,0,0,3,2003,2003,FALSE,1,0,0,0
"9_1_7_322",7,2014,2,0,2,1,0,0,3,2008,2003,FALSE,0.666666666666667,0.333333333333333,0,0
"9_1_7_322",8,2020,0,0,0,0,0,0,2,2014,2003,FALSE,0,0,0,0
"9_1_7_337",6,2012,6,0,6,0,0,0,6,2008,2008,FALSE,1,0,0,0
"9_1_7_337",7,2018,6,1,5,0,1,0,6,2012,2008,FALSE,0.833333333333333,0,0.166666666666667,0
"9_1_7_347",6,2012,0,0,0,0,3,0,4,2008,2008,FALSE,0,0,0.75,0
"9_1_7_351",6,2010,3,0,3,1,0,0,4,2005,2005,FALSE,0.75,0.25,0,0
"9_1_7_351",7,2015,2,0,2,0,1,0,3,2010,2005,FALSE,0.666666666666667,0,0.333333333333333,0
"9_1_7_380",6,2009,7,2,5,0,0,0,5,2004,2004,FALSE,1,0,0,0
"9_1_7_380",7,2014,0,0,0,0,0,0,7,2009,2004,FALSE,0,0,0,0
"9_1_7_380",8,2021,7,7,0,0,0,0,0,2014,2004,FALSE,NA,NA,NA,NA
"9_1_7_422",6,2010,2,0,2,0,0,0,2,2005,2005,FALSE,1,0,0,0
"9_1_7_422",7,2015,1,0,1,0,1,0,2,2010,2005,FALSE,0.5,0,0.5,0
"9_1_7_456",6,2008,2,0,2,0,0,0,2,2004,2004,FALSE,1,0,0,0
"9_1_7_456",7,2014,1,0,1,0,1,0,2,2008,2004,FALSE,0.5,0,0.5,0
"9_1_7_456",8,2021,0,0,0,0,0,0,1,2014,2004,FALSE,0,0,0,0
"9_1_7_493",7,2019,3,0,3,0,1,0,4,2012,2012,FALSE,0.75,0,0.25,0
"9_1_7_498",6,2009,4,0,4,0,0,0,4,2005,2005,FALSE,1,0,0,0
"9_1_7_498",7,2015,3,2,1,0,3,0,4,2009,2005,FALSE,0.25,0,0.75,0
"9_1_7_511",6,2008,0,0,0,0,2,0,2,2004,2004,FALSE,0,0,1,0
"9_1_7_527",6,2011,5,0,5,0,1,0,6,2007,2007,FALSE,0.833333333333333,0,0.166666666666667,0
"9_1_7_527",7,2017,4,0,4,1,0,0,5,2011,2007,FALSE,0.8,0.2,0,0
"9_1_7_581",6,2010,2,0,2,1,1,0,4,2005,2005,FALSE,0.5,0.25,0.25,0
"9_1_7_581",7,2015,2,0,2,0,0,0,2,2010,2005,FALSE,1,0,0,0
"9_1_7_589",6,2010,3,0,3,1,0,0,4,2007,2007,FALSE,0.75,0.25,0,0
"9_1_7_589",7,2016,5,2,3,0,0,0,3,2010,2007,FALSE,1,0,0,0
"9_1_7_596",6,2010,5,2,3,0,0,0,3,2006,2006,FALSE,1,0,0,0
"9_1_7_596",7,2016,6,1,5,0,0,0,5,2010,2006,FALSE,1,0,0,0
"9_1_7_607",6,2008,1,0,1,0,0,0,1,2004,2004,FALSE,1,0,0,0
"9_1_7_607",7,2014,0,0,0,0,0,0,1,2008,2004,FALSE,0,0,0,0
"9_1_7_613",6,2010,7,2,5,0,1,1,7,2006,2006,FALSE,0.714285714285714,0,0.142857142857143,0.142857142857143
"9_1_7_613",7,2016,0,0,0,0,0,0,7,2010,2006,FALSE,0,0,0,0
"9_1_7_627",7,2016,30,13,17,0,0,0,17,2011,2011,FALSE,1,0,0,0
"9_1_7_682",6,2012,4,0,4,0,1,0,5,2008,2008,FALSE,0.8,0,0.2,0
"9_1_7_682",7,2018,4,0,4,0,0,0,4,2012,2008,FALSE,1,0,0,0
"9_1_7_686",6,2011,3,0,3,0,0,0,3,2007,2007,FALSE,1,0,0,0
"9_1_7_686",7,2017,2,0,2,1,0,0,3,2011,2007,FALSE,0.666666666666667,0.333333333333333,0,0
"9_1_9_100",6,2008,1,0,1,0,0,0,1,2003,2003,FALSE,1,0,0,0
"9_1_9_100",7,2014,1,0,1,0,0,0,1,2008,2003,FALSE,1,0,0,0
"9_1_9_100",8,2021,1,0,1,0,0,0,1,2014,2003,FALSE,1,0,0,0
"9_1_9_103",6,2009,4,2,2,2,0,2,6,2004,2004,FALSE,0.333333333333333,0.333333333333333,0,0.333333333333333
"9_1_9_103",7,2015,4,0,4,0,0,0,4,2009,2004,FALSE,1,0,0,0
"9_1_9_106",7,2018,1,0,1,0,0,0,1,2012,2012,FALSE,1,0,0,0
"9_1_9_119",6,2012,1,0,1,0,0,0,1,2008,2008,FALSE,1,0,0,0
"9_1_9_119",7,2018,1,0,1,0,0,0,1,2012,2008,FALSE,1,0,0,0
"9_1_9_139",7,2014,1,0,1,0,0,0,1,2010,2010,FALSE,1,0,0,0
"9_1_9_139",8,2021,1,0,1,0,0,0,1,2014,2010,FALSE,1,0,0,0
"9_1_9_152",6,2010,5,0,5,0,0,0,5,2006,2006,FALSE,1,0,0,0
"9_1_9_152",7,2016,4,0,4,1,0,0,5,2010,2006,FALSE,0.8,0.2,0,0
"9_1_9_192",6,2012,2,0,2,0,0,2,4,2006,2006,FALSE,0.5,0,0,0.5
"9_1_9_192",7,2016,1,0,1,0,1,0,2,2012,2006,FALSE,0.5,0,0.5,0
"9_1_9_210",6,2010,6,0,6,0,0,0,6,2006,2006,FALSE,1,0,0,0
"9_1_9_210",7,2016,7,1,6,0,0,0,6,2010,2006,FALSE,1,0,0,0
"9_1_9_219",6,2010,3,0,3,1,5,0,9,2005,2005,FALSE,0.333333333333333,0.111111111111111,0.555555555555556,0
"9_1_9_219",7,2015,2,0,2,0,1,0,3,2010,2005,FALSE,0.666666666666667,0,0.333333333333333,0
"9_1_9_250",6,2012,1,0,1,0,0,0,1,2007,2007,FALSE,1,0,0,0
"9_1_9_250",7,2019,0,0,0,0,0,0,1,2012,2007,FALSE,0,0,0,0
"9_1_9_275",6,2008,6,2,4,1,1,0,6,2003,2003,FALSE,0.666666666666667,0.166666666666667,0.166666666666667,0
"9_1_9_275",7,2014,0,0,0,0,0,0,6,2008,2003,FALSE,0,0,0,0
"9_1_9_277",6,2010,2,0,2,0,0,0,2,2005,2005,FALSE,1,0,0,0
"9_1_9_277",7,2016,2,0,2,0,0,0,2,2010,2005,FALSE,1,0,0,0
"9_1_9_296",6,2008,1,0,1,0,0,0,1,2003,2003,FALSE,1,0,0,0
"9_1_9_296",7,2014,6,6,0,0,1,0,1,2008,2003,FALSE,0,0,1,0
"9_1_9_296",8,2021,5,0,5,0,1,0,6,2014,2003,FALSE,0.833333333333333,0,0.166666666666667,0
"9_1_9_350",6,2012,3,0,3,0,0,0,3,2008,2008,FALSE,1,0,0,0
"9_1_9_350",7,2018,1,0,1,0,2,0,3,2012,2008,FALSE,0.333333333333333,0,0.666666666666667,0
"9_1_9_372",6,2012,3,2,1,0,1,0,2,2008,2008,FALSE,0.5,0,0.5,0
"9_1_9_372",7,2018,3,1,2,0,1,0,3,2012,2008,FALSE,0.666666666666667,0,0.333333333333333,0
"9_1_9_377",6,2011,2,0,2,0,1,0,3,2008,2008,FALSE,0.666666666666667,0,0.333333333333333,0
"9_1_9_377",7,2018,4,0,4,0,0,0,2,2011,2008,FALSE,2,0,0,0
"9_1_9_420",6,2010,1,0,1,0,4,0,5,2005,2005,FALSE,0.2,0,0.8,0
"9_1_9_420",7,2014,2,1,1,0,0,0,1,2010,2005,FALSE,1,0,0,0
"9_1_9_420",8,2021,0,0,0,0,2,0,2,2014,2005,FALSE,0,0,1,0
"9_1_9_434",6,2008,0,0,0,0,0,0,5,2003,2003,FALSE,0,0,0,0
"9_1_9_434",7,2014,4,4,0,0,0,0,0,2008,2003,FALSE,NA,NA,NA,NA
"9_1_9_434",8,2019,4,0,4,0,0,0,4,2014,2003,FALSE,1,0,0,0
"9_1_9_460",8,2021,4,4,0,0,1,0,1,2014,2014,FALSE,0,0,1,0
"9_1_9_474",6,2011,12,3,9,0,0,0,9,2006,2006,FALSE,1,0,0,0
"9_1_9_474",7,2017,0,0,0,0,0,0,12,2011,2006,FALSE,0,0,0,0
"9_1_9_488",6,2010,5,0,5,0,0,0,5,2006,2006,FALSE,1,0,0,0
"9_1_9_488",7,2016,5,0,5,0,0,0,5,2010,2006,FALSE,1,0,0,0
"9_1_9_491",6,2012,1,0,1,0,0,0,1,2008,2008,FALSE,1,0,0,0
"9_1_9_491",7,2018,0,0,0,0,1,0,1,2012,2008,FALSE,0,0,1,0
"9_1_9_533",7,2014,1,0,1,0,0,0,1,2010,2010,FALSE,1,0,0,0
"9_1_9_533",8,2021,1,0,1,0,0,0,1,2014,2010,FALSE,1,0,0,0
"9_1_9_554",6,2010,3,0,3,1,0,0,4,2005,2005,FALSE,0.75,0.25,0,0
"9_1_9_554",7,2014,3,0,3,0,0,0,3,2010,2005,FALSE,1,0,0,0
"9_1_9_554",8,2021,3,0,3,0,0,0,3,2014,2005,FALSE,1,0,0,0
"9_1_9_561",6,2010,2,0,2,0,1,0,3,2005,2005,FALSE,0.666666666666667,0,0.333333333333333,0
"9_1_9_561",7,2014,0,0,0,0,2,0,2,2010,2005,FALSE,0,0,1,0
"9_1_9_575",6,2008,4,0,4,0,1,0,5,2003,2003,FALSE,0.8,0,0.2,0
"9_1_9_575",7,2014,3,0,3,0,1,0,4,2008,2003,FALSE,0.75,0,0.25,0
"9_1_9_575",8,2021,0,0,0,0,3,0,3,2014,2003,FALSE,0,0,1,0
"9_1_9_64",6,2010,1,0,1,0,0,0,1,2006,2006,FALSE,1,0,0,0
"9_1_9_64",7,2015,2,0,2,0,0,0,1,2010,2006,FALSE,2,0,0,0
"9_1_9_677",7,2017,3,0,3,0,1,0,4,2011,2011,FALSE,0.75,0,0.25,0
"9_1_9_98",6,2011,8,0,8,0,0,0,8,2006,2006,FALSE,1,0,0,0
"9_1_9_98",7,2017,7,0,7,0,1,0,8,2011,2006,FALSE,0.875,0,0.125,0
