"TREE_FIRST_CN","NYEARS","FIRSTYR","LASTYR","SPCD","PLOT","SUBPLOT","STATECD","COUNTYCD","PLOTS","STATES","COUNTIES","UNITS","SPCDS","TREE_UNIQUE_IDS","nlocs"
238504528010854,3,2007,2017,820,37,2,13,37,2,1,2,1,1,2,8
200386873010854,4,2002,2016,611,32,1,37,15,2,1,2,1,1,2,8
228226558010854,2,2009,2014,401,24,1,5,39,2,1,2,1,1,2,8
238504543010854,3,2007,2017,694,37,3,13,37,2,1,2,1,1,2,8
205070423010854,3,2003,2015,544,28,1,12,67,2,1,2,1,1,2,8
235093780010854,3,2009,2019,922,30,2,45,17,2,1,2,1,1,2,8
205394183010854,4,2000,2016,67,93,3,1,25,2,1,2,1,2,2,8
200400558010854,4,2002,2018,832,20,2,37,39,2,1,2,1,1,2,8
200446509010854,4,2002,2016,97,23,2,37,27,2,1,2,1,1,2,8
228226559010854,2,2009,2014,401,24,1,5,39,2,1,2,1,1,2,8
200393096010854,3,2002,2011,694,85,4,37,101,2,1,2,1,1,2,8
205112832010854,3,2004,2016,544,45,1,12,31,2,1,2,1,1,2,8
205112830010854,3,2004,2016,544,45,1,12,31,2,1,2,1,1,2,8
205112883010854,3,2004,2016,544,45,4,12,31,2,1,2,1,1,2,8
235093800010854,3,2009,2019,316,30,4,45,17,2,1,2,1,1,2,8
205070474010854,3,2003,2015,316,28,4,12,67,2,1,2,1,1,2,8
230722103010854,2,2009,2016,131,93,1,1,25,2,1,2,1,1,2,8
238250091010854,3,2009,2019,802,33,1,13,45,2,1,2,1,1,2,8
200393064010854,4,2002,2020,694,85,2,37,101,2,1,2,1,1,2,8
259568121489998,3,2013,2022,316,38,2,37,69,2,1,2,1,1,2,8
238504536010854,3,2007,2017,694,37,3,13,37,2,1,2,1,1,2,8
200393056010854,3,2002,2011,316,85,1,37,101,2,1,2,1,1,2,8
200446506010854,4,2002,2016,16,23,2,37,27,2,1,2,1,1,2,8
230722154010854,2,2009,2016,131,93,4,1,25,2,1,2,1,1,2,8
200386868010854,4,2002,2016,611,32,1,37,15,2,1,2,1,1,2,8
200543196010854,3,2004,2016,16,23,1,37,27,2,1,2,1,1,2,8
238504517010854,3,2007,2017,611,37,2,13,37,2,1,2,1,1,2,8
202474950010854,3,2003,2014,931,6,3,21,89,2,1,2,1,1,2,8
200543280010854,3,2004,2016,16,23,4,37,27,2,1,2,1,1,2,8
200393085010854,4,2002,2020,694,85,4,37,101,2,1,2,1,1,2,8
238250157010854,3,2009,2019,621,33,3,13,45,2,1,2,1,1,2,8
250167232010854,3,2009,2019,391,102,2,51,83,2,1,2,1,1,2,8
200393066010854,4,2002,2020,316,85,2,37,101,2,1,2,1,1,2,8
238250135010854,2,2009,2014,131,33,2,13,45,2,1,2,1,1,2,8
238661052010854,4,2004,2019,111,45,4,13,87,2,1,1,1,2,2,7
200543193010854,3,2004,2016,97,23,1,37,27,2,1,2,1,1,2,8
200386870010854,4,2002,2016,611,32,1,37,15,2,1,2,1,1,2,8
200393069010854,3,2002,2011,316,85,2,37,101,2,1,2,1,1,2,8
200446563010854,4,2002,2016,97,23,4,37,27,2,1,2,1,1,2,8
200393054010854,3,2002,2011,316,85,1,37,101,2,1,2,1,1,2,8
200393086010854,3,2002,2011,694,85,4,37,101,2,1,2,1,1,2,8
202399692010854,3,2000,2014,711,43,2,21,51,2,1,2,2,1,2,9
200575041010854,3,2005,2018,315,20,3,37,39,2,1,2,1,1,2,8
238504516010854,3,2007,2017,694,37,2,13,37,2,1,2,1,1,2,8
252349735010854,3,2010,2020,611,35,3,13,259,2,1,2,1,1,2,8
205394190010854,4,2000,2016,131,93,3,1,25,2,1,2,1,1,2,8
200386885010854,4,2002,2016,611,32,2,37,15,2,1,2,1,1,2,8
205394181010854,4,2000,2016,131,93,3,1,25,2,1,2,1,1,2,8
202399683010854,3,2000,2014,316,43,1,21,51,2,1,2,2,1,2,9
259568167489998,3,2013,2022,621,38,4,37,69,2,1,2,1,1,2,8
205070476010854,3,2003,2015,544,28,4,12,67,2,1,2,1,1,2,8
202399704010854,3,2000,2014,806,43,3,21,51,2,1,2,2,1,2,9
250228182010854,2,2009,2016,371,23,1,37,27,2,1,2,1,1,2,8
238661031010854,2,2004,2009,111,45,2,13,87,2,1,1,1,2,2,7
238250129010854,2,2009,2014,131,33,2,13,45,2,1,2,1,1,2,8
238250175010854,3,2009,2019,621,33,3,13,45,2,1,2,1,1,2,8
202399685010854,3,2000,2014,372,43,2,21,51,2,1,2,2,1,2,9
220216490010854,4,2002,2019,132,102,4,51,83,2,1,2,1,1,2,8
200357148010854,4,2002,2019,316,8,4,37,43,2,1,2,1,1,2,8
200357149010854,4,2002,2019,711,8,4,37,43,2,1,2,1,1,2,8
200446505010854,4,2002,2016,935,23,2,37,27,2,1,2,1,1,2,8
200446513010854,4,2002,2016,97,23,2,37,27,2,1,2,1,1,2,8
238661039010854,4,2004,2019,111,45,3,13,87,2,1,1,1,2,2,7
200357145010854,4,2002,2019,403,8,4,37,43,2,1,2,1,1,2,8
238504547010854,3,2007,2017,691,37,4,13,37,2,1,2,1,1,2,8
238250125010854,3,2009,2019,131,33,2,13,45,2,1,2,1,1,2,8
238504505010854,3,2007,2017,822,37,1,13,37,2,1,2,1,1,2,8
200543229010854,3,2004,2016,97,23,2,37,27,2,1,2,1,1,2,8
205070462010854,3,2003,2015,544,28,3,12,67,2,1,2,1,1,2,8
238250171010854,3,2009,2019,827,33,3,13,45,2,1,2,1,1,2,8
202424930010854,3,2001,2014,316,18,3,21,121,2,1,2,1,1,2,8
200446542010854,4,2002,2016,97,23,3,37,27,2,1,2,1,1,2,8
230722120010854,2,2009,2016,611,93,2,1,25,2,1,2,1,1,2,8
238808379010854,5,2000,2020,611,35,1,13,259,2,1,2,1,1,2,8
200446519010854,4,2002,2016,97,23,2,37,27,2,1,2,1,1,2,8
200446527010854,4,2002,2016,97,23,3,37,27,2,1,2,1,1,2,8
200386884010854,4,2002,2016,744,32,2,37,15,2,1,2,1,1,2,8
202424937010854,3,2001,2014,832,18,4,21,121,2,1,2,1,1,2,8
238250113010854,2,2009,2014,131,33,2,13,45,2,1,2,1,1,2,8
235093781010854,3,2009,2019,922,30,2,45,17,2,1,2,1,1,2,8
42206481010497,2,2002,2012,17,60223,1,41,49,1,1,2,2,1,2,8
216700421010854,4,2000,2019,722,24,3,5,39,2,1,2,1,2,2,8
42213189010497,2,2002,2012,122,84075,4,41,1,1,1,2,1,1,2,7
216700407010854,4,2000,2019,221,24,1,5,39,2,1,2,1,1,2,8
238808408010854,5,2000,2020,694,35,4,13,259,2,1,2,1,1,2,8
200446535010854,4,2002,2016,97,23,3,37,27,2,1,2,1,1,2,8
200575050010854,3,2005,2018,315,20,4,37,39,2,1,2,1,1,2,8
176844100020004,2,2012,2017,653,37,3,13,37,2,1,2,1,1,2,8
230722146010854,2,2009,2016,131,93,4,1,25,2,1,2,1,1,2,8
230722115010854,2,2009,2016,611,93,1,1,25,2,1,2,1,1,2,8
209339734010854,3,2008,2022,611,48,2,1,9,2,1,2,1,1,2,8
200400562010854,4,2002,2018,372,20,3,37,39,2,1,2,1,1,2,8
230722113010854,2,2009,2016,611,93,1,1,25,2,1,2,1,2,2,8
200386871010854,4,2002,2016,611,32,1,37,15,2,1,2,1,1,2,8
200357132010854,4,2002,2019,316,8,2,37,43,2,1,2,1,1,2,8
200400549010854,4,2002,2018,833,20,1,37,39,2,1,2,1,2,2,8
42206498010497,2,2002,2012,17,60223,4,41,49,1,1,2,2,1,2,8
200386886010854,4,2002,2016,611,32,2,37,15,2,1,2,1,1,2,8
202424920010854,3,2001,2014,531,18,1,21,121,2,1,2,1,1,2,8
205112857010854,3,2004,2016,694,45,2,12,31,2,1,2,1,1,2,8
200393095010854,3,2002,2011,316,85,4,37,101,2,1,2,1,1,2,8
228226560010854,2,2009,2014,831,24,2,5,39,2,1,2,1,1,2,8
200543283010854,3,2004,2016,371,23,4,37,27,2,1,2,1,1,2,8
200393060010854,3,2002,2011,694,85,1,37,101,2,1,2,1,1,2,8
238504542010854,3,2007,2017,544,37,3,13,37,2,1,2,1,2,2,8
205070480010854,3,2003,2015,221,28,4,12,67,2,1,2,1,1,2,8
200481236010854,4,2003,2022,611,38,3,37,69,2,1,2,1,1,2,8
205112867010854,3,2004,2016,544,45,3,12,31,2,1,2,1,1,2,8
200393051010854,3,2002,2011,316,85,1,37,101,2,1,2,1,1,2,8
209339744010854,3,2008,2022,621,48,2,1,9,2,1,2,1,1,2,8
563049642126144,2,2018,2022,131,38,4,37,69,2,1,2,1,1,2,8
250167246010854,2,2009,2014,132,102,4,51,83,2,1,2,1,1,2,8
205070453010854,3,2003,2015,316,28,2,12,67,2,1,2,1,1,2,8
200446521010854,4,2002,2016,97,23,2,37,27,2,1,2,1,1,2,8
250167244010854,3,2009,2019,131,102,4,51,83,2,1,2,1,1,2,8
209339735010854,3,2008,2022,611,48,2,1,9,2,1,2,1,1,2,8
230722104010854,2,2009,2016,611,93,1,1,25,2,1,2,1,1,2,8
200357128010854,4,2002,2019,837,8,2,37,43,2,1,2,1,1,2,8
250228259010854,2,2009,2016,371,23,4,37,27,2,1,2,1,1,2,8
220216482010854,4,2002,2019,316,102,3,51,83,2,1,2,1,1,2,8
228226568010854,3,2009,2019,722,24,3,5,39,2,1,2,1,1,2,8
230722110010854,2,2009,2016,316,93,1,1,25,2,1,2,1,1,2,8
202424919010854,3,2001,2014,832,18,1,21,121,2,1,2,1,1,2,8
200446490010854,4,2002,2016,97,23,1,37,27,2,1,2,1,1,2,8
200446520010854,4,2002,2016,16,23,2,37,27,2,1,2,1,1,2,8
205070475010854,3,2003,2015,544,28,4,12,67,2,1,2,1,1,2,8
202399680010854,3,2000,2014,372,43,1,21,51,2,1,2,2,1,2,9
210936032010854,5,2000,2019,131,30,3,45,17,2,1,2,1,1,2,8
200565453010854,3,2005,2019,581,8,4,37,43,2,1,2,1,1,2,8
200446556010854,4,2002,2016,97,23,4,37,27,2,1,2,1,1,2,8
200393084010854,4,2002,2020,694,85,4,37,101,2,1,2,1,1,2,8
238250101010854,3,2009,2019,621,33,1,13,45,2,1,2,1,1,2,8
200446540010854,4,2002,2016,97,23,3,37,27,2,1,2,1,1,2,8
200446481010854,4,2002,2016,97,23,1,37,27,2,1,2,1,1,2,8
200386881010854,4,2002,2016,611,32,1,37,15,2,1,2,1,1,2,8
238504502010854,3,2007,2017,691,37,1,13,37,2,1,2,1,1,2,8
200357135010854,4,2002,2019,261,8,3,37,43,2,1,2,1,1,2,8
202424922010854,3,2001,2014,711,18,1,21,121,2,1,2,1,1,2,8
230722145010854,2,2009,2016,131,93,4,1,25,2,1,2,1,1,2,8
200481238010854,4,2003,2022,611,38,3,37,69,2,1,2,1,1,2,8
200400559010854,4,2002,2018,372,20,2,37,39,2,1,2,1,1,2,8
42206495010497,2,2002,2012,17,60223,4,41,49,1,1,2,2,1,2,8
250167226010854,3,2009,2019,316,102,2,51,83,2,1,2,1,1,2,8
250343575010854,2,2009,2014,531,18,1,21,121,2,1,2,1,1,2,8
216700408010854,4,2000,2019,691,24,1,5,39,2,1,2,1,1,2,8
42206492010497,2,2002,2012,17,60223,4,41,49,1,1,2,2,1,2,8
42206487010497,2,2002,2012,93,60223,2,41,49,1,1,2,2,1,2,8
238250088010854,3,2009,2019,403,33,1,13,45,2,1,2,1,2,2,8
259568160489998,3,2013,2022,131,38,4,37,69,2,1,2,1,1,2,8
238808403010854,5,2000,2020,694,35,4,13,259,2,1,2,1,1,2,8
202474954010854,3,2003,2014,931,6,4,21,89,2,1,2,1,1,2,8
200446516010854,4,2002,2016,16,23,2,37,27,2,1,2,1,2,2,8
202479987010854,3,2003,2013,832,23,3,21,13,2,1,2,1,1,2,8
250352929010854,2,2009,2014,901,6,4,21,89,2,1,2,1,1,2,8
238250178010854,3,2009,2019,806,33,4,13,45,2,1,2,1,1,2,8
200357147010854,4,2002,2019,621,8,4,37,43,2,1,2,1,1,2,8
205070421010854,3,2003,2015,694,28,1,12,67,2,1,2,1,1,2,8
250167243010854,3,2009,2019,131,102,4,51,83,2,1,2,1,1,2,8
205112873010854,3,2004,2016,544,45,4,12,31,2,1,2,1,1,2,8
205070436010854,3,2003,2015,694,28,2,12,67,2,1,2,1,1,2,8
238504510010854,3,2007,2017,544,37,1,13,37,2,1,2,1,2,2,8
250352928010854,2,2009,2014,901,6,4,21,89,2,1,2,1,1,2,8
238504544010854,3,2007,2017,691,37,3,13,37,2,1,2,1,1,2,8
235093790010854,3,2009,2019,693,30,2,45,17,2,1,2,1,2,2,8
238504551010854,3,2007,2017,691,37,4,13,37,2,1,2,1,1,2,8
250167250010854,2,2009,2014,132,102,4,51,83,2,1,2,1,1,2,8
202479991010854,3,2003,2013,833,23,4,21,13,2,1,2,1,2,2,8
247290012010854,3,2009,2019,121,2,1,12,1,2,1,2,1,1,2,8
238250093010854,3,2009,2019,812,33,1,13,45,2,1,2,1,1,2,8
200393093010854,3,2002,2011,820,85,4,37,101,2,1,2,1,1,2,8
200565452010854,3,2005,2019,316,8,4,37,43,2,1,2,1,1,2,8
42213177010497,2,2002,2012,17,84075,1,41,1,1,1,2,1,1,2,7
250167245010854,3,2009,2019,762,102,4,51,83,2,1,2,1,1,2,8
230722150010854,2,2009,2016,131,93,4,1,25,2,1,2,1,1,2,8
357479591489998,2,2015,2022,611,48,2,1,9,2,1,2,1,1,2,8
228226574010854,3,2009,2019,691,24,4,5,39,2,1,2,1,1,2,8
205112842010854,3,2004,2016,221,45,2,12,31,2,1,2,1,1,2,8
238250119010854,2,2009,2014,131,33,2,13,45,2,1,2,1,1,2,8
202424936010854,3,2001,2014,318,18,4,21,121,2,1,2,1,1,2,8
205070467010854,3,2003,2015,820,28,3,12,67,2,1,2,1,1,2,8
200446500010854,4,2002,2016,97,23,1,37,27,2,1,2,1,1,2,8
250352905010854,2,2009,2014,731,6,1,21,89,2,1,2,1,1,2,8
205112841010854,3,2004,2016,544,45,1,12,31,2,1,2,1,1,2,8
228226557010854,2,2009,2014,401,24,1,5,39,2,1,2,1,1,2,8
230722151010854,2,2009,2016,131,93,4,1,25,2,1,2,1,1,2,8
238250149010854,2,2009,2014,611,33,2,13,45,2,1,2,1,1,2,8
238504539010854,3,2007,2017,316,37,3,13,37,2,1,2,1,1,2,8
202399676010854,3,2000,2014,356,43,1,21,51,2,1,2,2,1,2,9
200400565010854,4,2002,2018,580,20,3,37,39,2,1,2,1,2,2,8
259568138489998,3,2013,2022,611,38,3,37,69,2,1,2,1,1,2,8
200400571010854,4,2002,2018,372,20,4,37,39,2,1,2,1,1,2,8
200386888010854,4,2002,2016,611,32,2,37,15,2,1,2,1,1,2,8
200372327010854,5,2002,2022,611,38,2,37,69,2,1,2,1,1,2,8
238661041010854,3,2004,2014,111,45,3,13,87,2,1,1,1,2,2,7
200400536010854,4,2002,2018,655,20,1,37,39,2,1,2,1,1,2,8
200543278010854,3,2004,2016,16,23,4,37,27,2,1,2,1,1,2,8
200357124010854,4,2002,2019,901,8,1,37,43,2,1,2,1,1,2,8
230722109010854,2,2009,2016,316,93,1,1,25,2,1,2,1,1,2,8
202399681010854,3,2000,2014,372,43,1,21,51,2,1,2,2,1,2,9
200446479010854,4,2002,2016,97,23,1,37,27,2,1,2,1,1,2,8
42206496010497,2,2002,2012,17,60223,4,41,49,1,1,2,2,1,2,8
200357152010854,4,2002,2019,802,8,4,37,43,2,1,2,1,1,2,8
200565422010854,3,2005,2019,901,8,1,37,43,2,1,2,1,1,2,8
200386893010854,4,2002,2016,611,32,2,37,15,2,1,2,1,1,2,8
200446534010854,4,2002,2016,16,23,3,37,27,2,1,2,1,1,2,8
228226567010854,3,2009,2019,972,24,3,5,39,2,1,2,1,1,2,8
200357134010854,4,2002,2019,316,8,3,37,43,2,1,2,1,1,2,8
202399711010854,3,2000,2014,531,43,4,21,51,2,1,2,2,1,2,9
259568109489998,3,2013,2022,802,38,1,37,69,2,1,2,1,1,2,8
200357126010854,4,2002,2019,901,8,2,37,43,2,1,2,1,1,2,8
216700413010854,4,2000,2019,691,24,1,5,39,2,1,2,1,2,2,8
205112865010854,3,2004,2016,544,45,3,12,31,2,1,2,1,1,2,8
205422124010854,5,2000,2022,391,48,4,1,9,2,1,2,1,1,2,8
200400569010854,4,2002,2018,761,20,4,37,39,2,1,2,1,2,2,8
259568166489998,3,2013,2022,833,38,4,37,69,2,1,2,1,1,2,8
259568124489998,3,2013,2022,833,38,2,37,69,2,1,2,1,1,2,8
202399684010854,3,2000,2014,711,43,2,21,51,2,1,2,2,1,2,9
42213180010497,2,2002,2012,17,84075,2,41,1,1,1,2,1,1,2,7
259568152489998,3,2013,2022,131,38,4,37,69,2,1,2,1,1,2,8
563049645126144,2,2018,2022,131,38,4,37,69,2,1,2,1,1,2,8
200618461010854,2,2006,2011,316,85,3,37,101,2,1,2,1,1,2,8
200393050010854,3,2002,2011,694,85,1,37,101,2,1,2,1,1,2,8
259568150489998,3,2013,2022,131,38,4,37,69,2,1,2,1,1,2,8
205070424010854,3,2003,2015,544,28,1,12,67,2,1,2,1,1,2,8
238661028010854,3,2004,2014,111,45,1,13,87,2,1,1,1,1,2,7
200446484010854,4,2002,2016,97,23,1,37,27,2,1,2,1,1,2,8
259568164489998,3,2013,2022,833,38,4,37,69,2,1,2,1,1,2,8
200400545010854,4,2002,2018,762,20,1,37,39,2,1,2,1,1,2,8
238504555010854,3,2007,2017,804,37,4,13,37,2,1,2,1,2,2,8
200393053010854,3,2002,2011,316,85,1,37,101,2,1,2,1,1,2,8
230722138010854,2,2009,2016,611,93,3,1,25,2,1,2,1,1,2,8
202399697010854,3,2000,2014,316,43,3,21,51,2,1,2,2,1,2,9
209339746010854,3,2008,2022,611,48,2,1,9,2,1,2,1,1,2,8
205070445010854,3,2003,2015,316,28,2,12,67,2,1,2,1,1,2,8
200386887010854,4,2002,2016,521,32,2,37,15,2,1,2,1,1,2,8
205112869010854,3,2004,2016,544,45,3,12,31,2,1,2,1,1,2,8
250167254010854,3,2009,2019,132,102,4,51,83,2,1,2,1,1,2,8
252349737010854,3,2010,2020,611,35,3,13,259,2,1,2,1,1,2,8
202474943010854,3,2003,2014,621,6,1,21,89,2,1,2,1,1,2,8
200393070010854,4,2002,2020,544,85,2,37,101,2,1,2,1,1,2,8
200446473010854,4,2002,2016,97,23,1,37,27,2,1,2,1,1,2,8
200393092010854,3,2002,2011,694,85,4,37,101,2,1,2,1,1,2,8
238661032010854,4,2004,2019,111,45,2,13,87,2,1,1,1,2,2,7
202424925010854,3,2001,2014,541,18,2,21,121,2,1,2,1,1,2,8
238250103010854,3,2009,2019,621,33,1,13,45,2,1,2,1,1,2,8
252247504010854,2,2010,2019,711,8,4,37,43,2,1,2,1,1,2,8
200446515010854,4,2002,2016,97,23,2,37,27,2,1,2,1,1,2,8
238250137010854,2,2009,2014,131,33,2,13,45,2,1,2,1,1,2,8
200543279010854,3,2004,2016,16,23,4,37,27,2,1,2,1,1,2,8
259568158489998,3,2013,2022,131,38,4,37,69,2,1,2,1,1,2,8
200446493010854,4,2002,2016,97,23,1,37,27,2,1,2,1,1,2,8
230722122010854,2,2009,2016,693,93,2,1,25,2,1,2,1,2,2,8
202399700010854,3,2000,2014,837,43,3,21,51,2,1,2,2,1,2,9
250167227010854,3,2009,2019,611,102,2,51,83,2,1,2,1,1,2,8
200393058010854,3,2002,2011,820,85,1,37,101,2,1,2,1,1,2,8
250167240010854,3,2009,2019,531,102,3,51,83,2,1,2,1,1,2,8
200357130010854,4,2002,2019,832,8,2,37,43,2,1,2,1,1,2,8
230722147010854,2,2009,2016,131,93,4,1,25,2,1,2,1,1,2,8
42213176010497,2,2002,2012,17,84075,1,41,1,1,1,2,1,1,2,7
250228261010854,2,2009,2016,16,23,4,37,27,2,1,2,1,1,2,8
230722148010854,2,2009,2016,131,93,4,1,25,2,1,2,1,1,2,8
228226569010854,3,2009,2019,831,24,4,5,39,2,1,2,1,1,2,8
230722114010854,2,2009,2016,611,93,1,1,25,2,1,2,1,2,2,8
200446566010854,4,2002,2016,935,23,4,37,27,2,1,2,1,1,2,8
202479990010854,3,2003,2013,403,23,4,21,13,2,1,2,1,2,2,8
205112836010854,3,2004,2016,221,45,1,12,31,2,1,2,1,1,2,8
235093782010854,3,2009,2019,693,30,2,45,17,2,1,2,1,1,2,8
238504526010854,3,2007,2017,691,37,2,13,37,2,1,2,1,1,2,8
200386877010854,4,2002,2016,131,32,1,37,15,2,1,2,1,1,2,8
200393078010854,3,2002,2011,316,85,3,37,101,2,1,2,1,1,2,8
238661040010854,2,2004,2009,111,45,3,13,87,2,1,1,1,2,2,7
259568165489998,3,2013,2022,409,38,4,37,69,2,1,2,1,1,2,8
42206493010497,2,2002,2012,17,60223,4,41,49,1,1,2,2,1,2,8
238504529010854,3,2007,2017,691,37,2,13,37,2,1,2,1,1,2,8
200446528010854,4,2002,2016,97,23,3,37,27,2,1,2,1,1,2,8
238504511010854,3,2007,2017,611,37,1,13,37,2,1,2,1,1,2,8
200446476010854,4,2002,2016,935,23,1,37,27,2,1,2,1,1,2,8
250228213010854,2,2009,2016,16,23,2,37,27,2,1,2,1,1,2,8
238250147010854,2,2009,2014,131,33,2,13,45,2,1,2,1,1,2,8
230722118010854,2,2009,2016,131,93,2,1,25,2,1,2,1,1,2,8
238504518010854,3,2007,2017,316,37,2,13,37,2,1,2,1,1,2,8
238504537010854,3,2007,2017,822,37,3,13,37,2,1,2,1,1,2,8
238250095010854,3,2009,2019,835,33,1,13,45,2,1,2,1,1,2,8
205070479010854,3,2003,2015,544,28,4,12,67,2,1,2,1,1,2,8
205070464010854,3,2003,2015,316,28,3,12,67,2,1,2,1,1,2,8
250167247010854,3,2009,2019,762,102,4,51,83,2,1,2,1,1,2,8
205112872010854,3,2004,2016,544,45,4,12,31,2,1,2,1,1,2,8
238250107010854,3,2009,2019,621,33,1,13,45,2,1,2,1,1,2,8
200357127010854,4,2002,2019,651,8,2,37,43,2,1,2,1,1,2,8
202399682010854,3,2000,2014,837,43,1,21,51,2,1,2,2,1,2,9
216700411010854,3,2000,2014,831,24,1,5,39,2,1,2,1,1,2,8
238250097010854,3,2009,2019,621,33,1,13,45,2,1,2,1,1,2,8
238250165010854,2,2009,2014,409,33,3,13,45,2,1,2,1,1,2,8
202424928010854,3,2001,2014,405,18,3,21,121,2,1,2,1,2,2,8
205070459010854,3,2003,2015,820,28,3,12,67,2,1,2,1,1,2,8
200400552010854,4,2002,2018,901,20,1,37,39,2,1,2,1,1,2,8
200400556010854,4,2002,2018,372,20,2,37,39,2,1,2,1,1,2,8
238808381010854,5,2000,2020,316,35,1,13,259,2,1,2,1,1,2,8
205112880010854,3,2004,2016,544,45,4,12,31,2,1,2,1,1,2,8
230722106010854,2,2009,2016,491,93,1,1,25,2,1,2,1,1,2,8
209339748010854,3,2008,2022,621,48,2,1,9,2,1,2,1,1,2,8
42213179010497,2,2002,2012,17,84075,1,41,1,1,1,2,1,1,2,7
200446499010854,4,2002,2016,97,23,1,37,27,2,1,2,1,1,2,8
200446496010854,4,2002,2016,97,23,1,37,27,2,1,2,1,1,2,8
238250159010854,3,2009,2019,131,33,3,13,45,2,1,2,1,1,2,8
216700417010854,4,2000,2019,221,24,3,5,39,2,1,2,1,2,2,8
200543194010854,3,2004,2016,97,23,1,37,27,2,1,2,1,1,2,8
200386869010854,4,2002,2016,611,32,1,37,15,2,1,2,1,1,2,8
205112868010854,3,2004,2016,316,45,3,12,31,2,1,2,1,1,2,8
259568113489998,3,2013,2022,802,38,1,37,69,2,1,2,1,1,2,8
252261454010854,2,2010,2016,131,32,4,37,15,2,1,2,1,1,2,8
200393065010854,3,2002,2011,316,85,2,37,101,2,1,2,1,1,2,8
205070461010854,3,2003,2015,972,28,3,12,67,2,1,2,1,1,2,8
253698392010854,2,2010,2015,820,28,2,12,67,2,1,2,1,1,2,8
200400572010854,4,2002,2018,372,20,4,37,39,2,1,2,1,1,2,8
205070451010854,3,2003,2015,544,28,2,12,67,2,1,2,1,1,2,8
200543201010854,3,2004,2016,371,23,1,37,27,2,1,2,1,2,2,8
200400541010854,4,2002,2018,372,20,1,37,39,2,1,2,1,1,2,8
200543200010854,3,2004,2016,16,23,1,37,27,2,1,2,1,1,2,8
205070444010854,3,2003,2015,222,28,2,12,67,2,1,2,1,1,2,8
209339740010854,3,2008,2022,611,48,2,1,9,2,1,2,1,1,2,8
42213188010497,2,2002,2012,122,84075,4,41,1,1,1,2,1,1,2,7
238661036010854,2,2004,2009,111,45,3,13,87,2,1,1,1,2,2,7
238661027010854,3,2004,2014,111,45,1,13,87,2,1,1,1,1,2,7
250352904010854,2,2009,2014,621,6,1,21,89,2,1,2,1,1,2,8
200386891010854,4,2002,2016,611,32,2,37,15,2,1,2,1,1,2,8
252349739010854,3,2010,2020,827,35,3,13,259,2,1,2,1,1,2,8
202479975010854,3,2003,2013,832,23,1,21,13,2,1,2,1,1,2,8
259568153489998,3,2013,2022,131,38,4,37,69,2,1,2,1,1,2,8
200357139010854,4,2002,2019,372,8,3,37,43,2,1,2,1,1,2,8
238504540010854,3,2007,2017,653,37,3,13,37,2,1,2,1,1,2,8
209339736010854,3,2008,2022,611,48,2,1,9,2,1,2,1,1,2,8
259568125489998,3,2013,2022,833,38,2,37,69,2,1,2,1,1,2,8
202424932010854,3,2001,2014,318,18,3,21,121,2,1,2,1,1,2,8
205112879010854,3,2004,2016,544,45,4,12,31,2,1,2,1,1,2,8
250352930010854,2,2009,2014,621,6,4,21,89,2,1,2,1,1,2,8
259568122489998,3,2013,2022,316,38,2,37,69,2,1,2,1,1,2,8
200393094010854,3,2002,2011,316,85,4,37,101,2,1,2,1,1,2,8
253698351010854,2,2010,2015,544,28,1,12,67,2,1,2,1,1,2,8
200446548010854,4,2002,2016,16,23,4,37,27,2,1,2,1,1,2,8
200446504010854,4,2002,2016,97,23,2,37,27,2,1,2,1,1,2,8
202399701010854,3,2000,2014,806,43,3,21,51,2,1,2,2,1,2,9
200400546010854,4,2002,2018,833,20,1,37,39,2,1,2,1,2,2,8
238808406010854,5,2000,2020,621,35,4,13,259,2,1,2,1,1,2,8
238250161010854,3,2009,2019,835,33,3,13,45,2,1,2,1,1,2,8
205112833010854,3,2004,2016,221,45,1,12,31,2,1,2,1,1,2,8
200446530010854,4,2002,2016,16,23,3,37,27,2,1,2,1,1,2,8
200446511010854,4,2002,2016,97,23,2,37,27,2,1,2,1,1,2,8
200400540010854,4,2002,2018,832,20,1,37,39,2,1,2,1,1,2,8
238634543010854,4,2005,2020,653,35,4,13,259,2,1,2,1,1,2,8
202424927010854,3,2001,2014,405,18,3,21,121,2,1,2,1,1,2,8
200357138010854,4,2002,2019,580,8,3,37,43,2,1,2,1,2,2,8
200446529010854,4,2002,2016,97,23,3,37,27,2,1,2,1,1,2,8
238504515010854,3,2007,2017,544,37,2,13,37,2,1,2,1,2,2,8
200393063010854,4,2002,2020,820,85,2,37,101,2,1,2,1,2,2,8
259568154489998,3,2013,2022,131,38,4,37,69,2,1,2,1,1,2,8
235093788010854,3,2009,2019,693,30,2,45,17,2,1,2,1,2,2,8
200446514010854,4,2002,2016,97,23,2,37,27,2,1,2,1,1,2,8
253698348010854,2,2010,2015,316,28,1,12,67,2,1,2,1,1,2,8
259568159489998,3,2013,2022,131,38,4,37,69,2,1,2,1,1,2,8
238504535010854,3,2007,2017,820,37,3,13,37,2,1,2,1,1,2,8
250352925010854,2,2009,2014,901,6,4,21,89,2,1,2,1,1,2,8
238661047010854,2,2004,2009,111,45,4,13,87,2,1,1,1,2,2,7
200446564010854,4,2002,2016,97,23,4,37,27,2,1,2,1,1,2,8
238661024010854,4,2004,2019,111,45,1,13,87,2,1,1,1,1,2,7
200386890010854,4,2002,2016,611,32,2,37,15,2,1,2,1,1,2,8
200400564010854,4,2002,2018,372,20,3,37,39,2,1,2,1,1,2,8
259568112489998,3,2013,2022,802,38,1,37,69,2,1,2,1,1,2,8
216700419010854,4,2000,2019,691,24,3,5,39,2,1,2,1,2,2,8
205070416010854,3,2003,2015,694,28,1,12,67,2,1,2,1,1,2,8
42206482010497,2,2002,2012,17,60223,1,41,49,1,1,2,2,1,2,8
200400567010854,4,2002,2018,316,20,3,37,39,2,1,2,1,1,2,8
230722149010854,2,2009,2016,131,93,4,1,25,2,1,2,1,1,2,8
200543192010854,3,2004,2016,97,23,1,37,27,2,1,2,1,1,2,8
209339749010854,3,2008,2022,621,48,2,1,9,2,1,2,1,1,2,8
230722121010854,2,2009,2016,693,93,2,1,25,2,1,2,1,2,2,8
238250115010854,3,2009,2019,131,33,2,13,45,2,1,2,1,1,2,8
205070427010854,3,2003,2015,544,28,1,12,67,2,1,2,1,1,2,8
230722117010854,2,2009,2016,611,93,2,1,25,2,1,2,1,1,2,8
238504546010854,3,2007,2017,691,37,4,13,37,2,1,2,1,1,2,8
238661050010854,2,2004,2009,111,45,4,13,87,2,1,1,1,2,2,7
202399695010854,3,2000,2014,832,43,3,21,51,2,1,2,2,1,2,9
200543282010854,3,2004,2016,16,23,4,37,27,2,1,2,1,1,2,8
202399686010854,3,2000,2014,372,43,2,21,51,2,1,2,2,1,2,9
200446498010854,4,2002,2016,97,23,1,37,27,2,1,2,1,1,2,8
230722119010854,2,2009,2016,131,93,2,1,25,2,1,2,1,1,2,8
238250127010854,2,2009,2014,131,33,2,13,45,2,1,2,1,1,2,8
202399678010854,3,2000,2014,837,43,1,21,51,2,1,2,2,1,2,9
259568110489998,3,2013,2022,802,38,1,37,69,2,1,2,1,1,2,8
250167231010854,3,2009,2019,391,102,2,51,83,2,1,2,1,1,2,8
205070457010854,3,2003,2015,544,28,3,12,67,2,1,2,1,1,2,8
202399707010854,3,2000,2014,531,43,4,21,51,2,1,2,2,1,2,9
205112850010854,3,2004,2016,544,45,2,12,31,2,1,2,1,1,2,8
200393076010854,3,2002,2011,694,85,3,37,101,2,1,2,1,1,2,8
205422122010854,5,2000,2022,621,48,4,1,9,2,1,2,1,1,2,8
205070477010854,3,2003,2015,544,28,4,12,67,2,1,2,1,1,2,8
205422123010854,5,2000,2022,391,48,4,1,9,2,1,2,1,1,2,8
259568146489998,3,2013,2022,833,38,3,37,69,2,1,2,1,1,2,8
220216478010854,4,2002,2019,621,102,3,51,83,2,1,2,1,1,2,8
238808380010854,5,2000,2020,694,35,1,13,259,2,1,2,1,1,2,8
202424926010854,3,2001,2014,531,18,2,21,121,2,1,2,1,1,2,8
202399713010854,3,2000,2014,531,43,4,21,51,2,1,2,2,1,2,9
205394188010854,4,2000,2016,131,93,3,1,25,2,1,2,1,1,2,8
202479976010854,3,2003,2013,832,23,1,21,13,2,1,2,1,1,2,8
238634542010854,4,2005,2020,611,35,4,13,259,2,1,2,1,1,2,8
200446565010854,4,2002,2016,97,23,4,37,27,2,1,2,1,1,2,8
204687031010854,3,2001,2016,131,93,3,1,25,2,1,2,1,1,2,8
200446552010854,4,2002,2016,97,23,4,37,27,2,1,2,1,1,2,8
200357137010854,4,2002,2019,580,8,3,37,43,2,1,2,1,2,2,8
205070442010854,3,2003,2015,222,28,2,12,67,2,1,2,1,1,2,8
200357146010854,4,2002,2019,802,8,4,37,43,2,1,2,1,1,2,8
205070430010854,3,2003,2015,222,28,1,12,67,2,1,2,1,1,2,8
202399699010854,3,2000,2014,621,43,3,21,51,2,1,2,2,1,2,9
205394189010854,4,2000,2016,131,93,3,1,25,2,1,2,1,1,2,8
250352927010854,2,2009,2014,901,6,4,21,89,2,1,2,1,1,2,8
238504530010854,3,2007,2017,316,37,2,13,37,2,1,2,1,1,2,8
205070422010854,3,2003,2015,222,28,1,12,67,2,1,2,1,1,2,8
205070455010854,3,2003,2015,544,28,2,12,67,2,1,2,1,1,2,8
205112828010854,3,2004,2016,544,45,1,12,31,2,1,2,1,1,2,8
205070463010854,3,2003,2015,694,28,3,12,67,2,1,2,1,1,2,8
205112840010854,3,2004,2016,316,45,1,12,31,2,1,2,1,1,2,8
238250121010854,3,2009,2019,131,33,2,13,45,2,1,2,1,1,2,8
205070433010854,3,2003,2015,544,28,1,12,67,2,1,2,1,1,2,8
230722124010854,2,2009,2016,611,93,2,1,25,2,1,2,1,1,2,8
238808402010854,5,2000,2020,694,35,4,13,259,2,1,2,1,1,2,8
205070420010854,3,2003,2015,544,28,1,12,67,2,1,2,1,1,2,8
259568162489998,3,2013,2022,131,38,4,37,69,2,1,2,1,1,2,8
200357144010854,4,2002,2019,837,8,4,37,43,2,1,2,1,1,2,8
238661046010854,4,2004,2019,111,45,4,13,87,2,1,1,1,2,2,7
210936040010854,5,2000,2019,409,30,3,45,17,2,1,2,1,1,2,8
200446537010854,4,2002,2016,16,23,3,37,27,2,1,2,1,1,2,8
238250182010854,3,2009,2019,812,33,4,13,45,2,1,2,1,1,2,8
238504534010854,3,2007,2017,691,37,3,13,37,2,1,2,1,1,2,8
200400550010854,4,2002,2018,316,20,1,37,39,2,1,2,1,1,2,8
250352926010854,2,2009,2014,621,6,4,21,89,2,1,2,1,1,2,8
238808405010854,5,2000,2020,694,35,4,13,259,2,1,2,1,1,2,8
205112882010854,3,2004,2016,544,45,4,12,31,2,1,2,1,1,2,8
205112843010854,3,2004,2016,694,45,2,12,31,2,1,2,1,1,2,8
238661025010854,2,2004,2009,111,45,1,13,87,2,1,1,1,1,2,7
205112885010854,3,2004,2016,544,45,4,12,31,2,1,2,1,1,2,8
200393097010854,3,2002,2011,694,85,4,37,101,2,1,2,1,1,2,8
220216489010854,4,2002,2019,132,102,4,51,83,2,1,2,1,1,2,8
200543195010854,3,2004,2016,16,23,1,37,27,2,1,2,1,1,2,8
200481232010854,4,2003,2022,806,38,2,37,69,2,1,2,1,2,2,8
205070452010854,3,2003,2015,912,28,2,12,67,2,1,2,1,2,2,8
205112844010854,3,2004,2016,544,45,2,12,31,2,1,2,1,1,2,8
202399689010854,3,2000,2014,832,43,2,21,51,2,1,2,2,1,2,9
205112881010854,3,2004,2016,544,45,4,12,31,2,1,2,1,1,2,8
200481241010854,4,2003,2022,611,38,3,37,69,2,1,2,1,1,2,8
204687033010854,3,2001,2016,131,93,4,1,25,2,1,2,1,1,2,8
200446474010854,4,2002,2016,371,23,1,37,27,2,1,2,1,2,2,8
259568163489998,3,2013,2022,131,38,4,37,69,2,1,2,1,1,2,8
200386880010854,4,2002,2016,611,32,1,37,15,2,1,2,1,1,2,8
259568123489998,3,2013,2022,316,38,2,37,69,2,1,2,1,1,2,8
200400573010854,4,2002,2018,372,20,4,37,39,2,1,2,1,1,2,8
200446491010854,4,2002,2016,97,23,1,37,27,2,1,2,1,1,2,8
230722112010854,2,2009,2016,611,93,1,1,25,2,1,2,1,2,2,8
250167251010854,2,2009,2014,132,102,4,51,83,2,1,2,1,1,2,8
250352920010854,2,2009,2014,544,6,3,21,89,2,1,2,1,1,2,8
200446503010854,4,2002,2016,97,23,2,37,27,2,1,2,1,1,2,8
202479984010854,3,2003,2013,403,23,2,21,13,2,1,2,1,1,2,8
200400548010854,4,2002,2018,316,20,1,37,39,2,1,2,1,1,2,8
238661042010854,4,2004,2019,111,45,3,13,87,2,1,1,1,2,2,7
238250153010854,2,2009,2014,316,33,2,13,45,2,1,2,1,1,2,8
200481230010854,4,2003,2022,762,38,2,37,69,2,1,2,1,1,2,8
238250187010854,3,2009,2019,711,33,4,13,45,2,1,2,1,1,2,8
238250167010854,3,2009,2019,835,33,3,13,45,2,1,2,1,1,2,8
202424916010854,3,2001,2014,693,18,1,21,121,2,1,2,1,1,2,8
42206501010497,2,2002,2012,17,60223,4,41,49,1,1,2,2,1,2,8
200543198010854,3,2004,2016,16,23,1,37,27,2,1,2,1,1,2,8
200446567010854,4,2002,2016,371,23,4,37,27,2,1,2,1,1,2,8
205070471010854,3,2003,2015,544,28,4,12,67,2,1,2,1,1,2,8
238661053010854,4,2004,2019,111,45,4,13,87,2,1,1,1,2,2,7
202399712010854,3,2000,2014,316,43,4,21,51,2,1,2,2,1,2,9
209339731010854,3,2008,2022,621,48,1,1,9,2,1,2,1,1,2,8
200446475010854,4,2002,2016,97,23,1,37,27,2,1,2,1,1,2,8
252247475010854,2,2010,2019,316,8,1,37,43,2,1,2,1,1,2,8
200357140010854,4,2002,2019,316,8,3,37,43,2,1,2,1,1,2,8
238661043010854,4,2004,2019,111,45,3,13,87,2,1,1,1,2,2,7
200446470010854,4,2002,2016,97,23,1,37,27,2,1,2,1,1,2,8
238661038010854,3,2004,2014,111,45,3,13,87,2,1,1,1,2,2,7
238504541010854,3,2007,2017,694,37,3,13,37,2,1,2,1,1,2,8
563049644126144,2,2018,2022,131,38,4,37,69,2,1,2,1,1,2,8
200357143010854,4,2002,2019,711,8,4,37,43,2,1,2,1,1,2,8
238250180010854,3,2009,2019,812,33,4,13,45,2,1,2,1,1,2,8
200386882010854,4,2002,2016,611,32,1,37,15,2,1,2,1,1,2,8
230722152010854,2,2009,2016,131,93,4,1,25,2,1,2,1,1,2,8
200393057010854,3,2002,2011,820,85,1,37,101,2,1,2,1,1,2,8
230722111010854,2,2009,2016,611,93,1,1,25,2,1,2,1,1,2,8
200400535010854,4,2002,2018,833,20,1,37,39,2,1,2,1,2,2,8
200543228010854,3,2004,2016,97,23,2,37,27,2,1,2,1,1,2,8
250352913010854,2,2009,2014,826,6,2,21,89,2,1,2,1,2,2,8
200400543010854,4,2002,2018,316,20,1,37,39,2,1,2,1,1,2,8
259568151489998,3,2013,2022,131,38,4,37,69,2,1,2,1,1,2,8
238504525010854,3,2007,2017,694,37,2,13,37,2,1,2,1,1,2,8
202399698010854,3,2000,2014,316,43,3,21,51,2,1,2,2,1,2,9
230722123010854,2,2009,2016,611,93,2,1,25,2,1,2,1,1,2,8
238250169010854,3,2009,2019,621,33,3,13,45,2,1,2,1,1,2,8
202479978010854,3,2003,2013,693,23,1,21,13,2,1,2,1,1,2,8
205070438010854,3,2003,2015,694,28,2,12,67,2,1,2,1,1,2,8
202424938010854,3,2001,2014,931,18,4,21,121,2,1,2,1,1,2,8
200481231010854,4,2003,2022,762,38,2,37,69,2,1,2,1,1,2,8
200357142010854,4,2002,2019,711,8,4,37,43,2,1,2,1,1,2,8
200481228010854,4,2003,2022,762,38,2,37,69,2,1,2,1,1,2,8
200446525010854,4,2002,2016,16,23,2,37,27,2,1,2,1,1,2,8
205112884010854,3,2004,2016,544,45,4,12,31,2,1,2,1,1,2,8
259568137489998,3,2013,2022,611,38,3,37,69,2,1,2,1,1,2,8
235093786010854,3,2009,2019,693,30,2,45,17,2,1,2,1,2,2,8
238661044010854,2,2004,2009,111,45,3,13,87,2,1,1,1,2,2,7
210936038010854,5,2000,2019,409,30,3,45,17,2,1,2,1,1,2,8
200543197010854,3,2004,2016,16,23,1,37,27,2,1,2,1,1,2,8
238250186010854,3,2009,2019,711,33,4,13,45,2,1,2,1,1,2,8
200400561010854,4,2002,2018,833,20,3,37,39,2,1,2,1,1,2,8
259568161489998,3,2013,2022,131,38,4,37,69,2,1,2,1,1,2,8
230722107010854,2,2009,2016,491,93,1,1,25,2,1,2,1,1,2,8
205112866010854,3,2004,2016,694,45,3,12,31,2,1,2,1,1,2,8
200446480010854,4,2002,2016,16,23,1,37,27,2,1,2,1,1,2,8
235093784010854,3,2009,2019,693,30,2,45,17,2,1,2,1,2,2,8
200400539010854,4,2002,2018,833,20,1,37,39,2,1,2,1,2,2,8
200446477010854,4,2002,2016,97,23,1,37,27,2,1,2,1,1,2,8
205112863010854,3,2004,2016,544,45,3,12,31,2,1,2,1,1,2,8
238808401010854,5,2000,2020,694,35,4,13,259,2,1,2,1,1,2,8
205112834010854,3,2004,2016,221,45,1,12,31,2,1,2,1,1,2,8
216700414010854,4,2000,2019,401,24,1,5,39,2,1,2,1,3,2,8
238250145010854,2,2009,2014,131,33,2,13,45,2,1,2,1,1,2,8
246537603010854,2,2008,2013,931,23,4,21,13,2,1,2,1,1,2,8
200393077010854,3,2002,2011,694,85,3,37,101,2,1,2,1,1,2,8
252261457010854,2,2010,2016,131,32,4,37,15,2,1,2,1,1,2,8
200386895010854,4,2002,2016,611,32,4,37,15,2,1,2,1,1,2,8
238504514010854,3,2007,2017,694,37,1,13,37,2,1,2,1,1,2,8
200386894010854,4,2002,2016,611,32,2,37,15,2,1,2,1,1,2,8
200446550010854,4,2002,2016,97,23,4,37,27,2,1,2,1,1,2,8
202399702010854,3,2000,2014,316,43,3,21,51,2,1,2,2,1,2,9
205070449010854,3,2003,2015,316,28,2,12,67,2,1,2,1,1,2,8
250228212010854,2,2009,2016,16,23,2,37,27,2,1,2,1,1,2,8
202479982010854,3,2003,2013,403,23,2,21,13,2,1,2,1,1,2,8
200393081010854,3,2002,2011,694,85,3,37,101,2,1,2,1,1,2,8
200400553010854,4,2002,2018,832,20,1,37,39,2,1,2,1,1,2,8
205112831010854,3,2004,2016,544,45,1,12,31,2,1,2,1,1,2,8
200481242010854,4,2003,2022,812,38,4,37,69,2,1,2,1,1,2,8
205112855010854,3,2004,2016,694,45,2,12,31,2,1,2,1,1,2,8
42206483010497,2,2002,2012,73,60223,1,41,49,1,1,2,2,1,2,8
205112849010854,3,2004,2016,694,45,2,12,31,2,1,2,1,1,2,8
228226571010854,3,2009,2019,972,24,4,5,39,2,1,2,1,1,2,8
238250109010854,2,2009,2014,131,33,2,13,45,2,1,2,1,1,2,8
202474941010854,3,2003,2014,341,6,1,21,89,2,1,2,1,1,2,8
42206499010497,2,2002,2012,17,60223,4,41,49,1,1,2,2,1,2,8
205070441010854,3,2003,2015,820,28,2,12,67,2,1,2,1,1,2,8
209339742010854,3,2008,2022,621,48,2,1,9,2,1,2,1,1,2,8
42213181010497,2,2002,2012,73,84075,2,41,1,1,1,2,1,1,2,7
200386879010854,4,2002,2016,316,32,1,37,15,2,1,2,1,1,2,8
250352931010854,2,2009,2014,621,6,4,21,89,2,1,2,1,1,2,8
200393083010854,3,2002,2011,694,85,4,37,101,2,1,2,1,1,2,8
252261459010854,2,2010,2016,131,32,4,37,15,2,1,2,1,1,2,8
259568143489998,3,2013,2022,621,38,3,37,69,2,1,2,1,1,2,8
42206480010497,2,2002,2012,17,60223,1,41,49,1,1,2,2,1,2,8
200400575010854,4,2002,2018,372,20,4,37,39,2,1,2,1,1,2,8
200446518010854,4,2002,2016,97,23,2,37,27,2,1,2,1,1,2,8
205070446010854,3,2003,2015,222,28,2,12,67,2,1,2,1,1,2,8
205394187010854,4,2000,2016,611,93,3,1,25,2,1,2,1,1,2,8
202424931010854,3,2001,2014,711,18,3,21,121,2,1,2,1,1,2,8
205112853010854,3,2004,2016,544,45,2,12,31,2,1,2,1,1,2,8
205112875010854,3,2004,2016,544,45,4,12,31,2,1,2,1,1,2,8
238808384010854,5,2000,2020,694,35,2,13,259,2,1,2,1,1,2,8
238250173010854,3,2009,2019,621,33,3,13,45,2,1,2,1,1,2,8
220216446010854,4,2002,2019,711,102,1,51,83,2,1,2,1,1,2,8
200575051010854,3,2005,2018,315,20,4,37,39,2,1,2,1,1,2,8
202424933010854,3,2001,2014,837,18,3,21,121,2,1,2,1,1,2,8
202399696010854,3,2000,2014,806,43,3,21,51,2,1,2,2,1,2,9
238250183010854,3,2009,2019,812,33,4,13,45,2,1,2,1,1,2,8
209339747010854,3,2008,2022,621,48,2,1,9,2,1,2,1,1,2,8
238250133010854,2,2009,2014,131,33,2,13,45,2,1,2,1,1,2,8
200481225010854,4,2003,2022,316,38,1,37,69,2,1,2,1,1,2,8
259568136489998,3,2013,2022,611,38,3,37,69,2,1,2,1,1,2,8
205112848010854,3,2004,2016,544,45,2,12,31,2,1,2,1,1,2,8
200446495010854,4,2002,2016,97,23,1,37,27,2,1,2,1,1,2,8
200357129010854,4,2002,2019,316,8,2,37,43,2,1,2,1,1,2,8
200543276010854,3,2004,2016,97,23,4,37,27,2,1,2,1,1,2,8
205070465010854,3,2003,2015,820,28,3,12,67,2,1,2,1,1,2,8
205112864010854,3,2004,2016,694,45,3,12,31,2,1,2,1,1,2,8
200400537010854,4,2002,2018,655,20,1,37,39,2,1,2,1,1,2,8
252261458010854,2,2010,2016,131,32,4,37,15,2,1,2,1,1,2,8
230722142010854,2,2009,2016,131,93,4,1,25,2,1,2,1,1,2,8
200400555010854,4,2002,2018,372,20,2,37,39,2,1,2,1,1,2,8
200543274010854,3,2004,2016,97,23,4,37,27,2,1,2,1,1,2,8
200543281010854,3,2004,2016,16,23,4,37,27,2,1,2,1,1,2,8
205112877010854,3,2004,2016,544,45,4,12,31,2,1,2,1,1,2,8
235093787010854,3,2009,2019,693,30,2,45,17,2,1,2,1,2,2,8
200481239010854,4,2003,2022,611,38,3,37,69,2,1,2,1,1,2,8
202399690010854,3,2000,2014,711,43,2,21,51,2,1,2,2,1,2,9
205070432010854,3,2003,2015,972,28,1,12,67,2,1,2,1,1,2,8
202479983010854,3,2003,2013,832,23,2,21,13,2,1,2,1,1,2,8
210936034010854,5,2000,2019,835,30,3,45,17,2,1,2,1,1,2,8
202424918010854,3,2001,2014,316,18,1,21,121,2,1,2,1,1,2,8
205070466010854,3,2003,2015,611,28,3,12,67,2,1,2,1,1,2,8
205070460010854,3,2003,2015,544,28,3,12,67,2,1,2,1,1,2,8
200543275010854,3,2004,2016,16,23,4,37,27,2,1,2,1,2,2,8
210936024010854,5,2000,2019,812,30,3,45,17,2,1,2,1,2,2,8
205070434010854,3,2003,2015,544,28,1,12,67,2,1,2,1,1,2,8
563049621126144,2,2018,2022,611,38,3,37,69,2,1,2,1,1,2,8
216700409010854,3,2000,2014,221,24,1,5,39,2,1,2,1,1,2,8
563049586126144,2,2018,2022,835,38,1,37,69,2,1,2,1,1,2,8
250167230010854,3,2009,2019,316,102,2,51,83,2,1,2,1,1,2,8
42206486010497,2,2002,2012,93,60223,2,41,49,1,1,2,2,1,2,8
200446497010854,4,2002,2016,371,23,1,37,27,2,1,2,1,1,2,8
205394186010854,4,2000,2016,131,93,3,1,25,2,1,2,1,1,2,8
250167239010854,2,2009,2014,316,102,3,51,83,2,1,2,1,1,2,8
200400547010854,4,2002,2018,316,20,1,37,39,2,1,2,1,1,2,8
252261455010854,2,2010,2016,131,32,4,37,15,2,1,2,1,1,2,8
247290013010854,3,2009,2019,121,2,4,12,1,2,1,2,1,1,2,8
202424929010854,3,2001,2014,316,18,3,21,121,2,1,2,1,1,2,8
259568133489998,3,2013,2022,802,38,3,37,69,2,1,2,1,1,2,8
259568134489998,3,2013,2022,802,38,3,37,69,2,1,2,1,1,2,8
238250111010854,3,2009,2019,131,33,2,13,45,2,1,2,1,1,2,8
205070472010854,3,2003,2015,694,28,4,12,67,2,1,2,1,1,2,8
200446569010854,4,2002,2016,97,23,4,37,27,2,1,2,1,1,2,8
205112858010854,3,2004,2016,694,45,2,12,31,2,1,2,1,1,2,8
200529113010854,3,2004,2016,68,32,1,37,15,2,1,2,1,1,2,8
238661030010854,4,2004,2019,111,45,1,13,87,2,1,1,1,1,2,7
200618463010854,2,2006,2011,545,85,3,37,101,2,1,2,1,1,2,8
42206500010497,2,2002,2012,17,60223,4,41,49,1,1,2,2,1,2,8
200400560010854,4,2002,2018,372,20,2,37,39,2,1,2,1,1,2,8
238808407010854,5,2000,2020,694,35,4,13,259,2,1,2,1,1,2,8
205112871010854,3,2004,2016,544,45,4,12,31,2,1,2,1,1,2,8
202424917010854,3,2001,2014,832,18,1,21,121,2,1,2,1,1,2,8
205112861010854,3,2004,2016,544,45,3,12,31,2,1,2,1,1,2,8
259568147489998,3,2013,2022,316,38,3,37,69,2,1,2,1,1,2,8
246537597010854,2,2008,2013,832,23,2,21,13,2,1,2,1,1,2,8
202474935010854,3,2003,2014,621,6,1,21,89,2,1,2,1,1,2,8
252349738010854,3,2010,2020,802,35,3,13,259,2,1,2,1,1,2,8
238504507010854,3,2007,2017,820,37,1,13,37,2,1,2,1,1,2,8
200446485010854,4,2002,2016,16,23,1,37,27,2,1,2,1,1,2,8
238808386010854,4,2000,2015,694,35,2,13,259,2,1,2,1,1,2,8
230722105010854,2,2009,2016,491,93,1,1,25,2,1,2,1,1,2,8
202399694010854,3,2000,2014,316,43,2,21,51,2,1,2,2,1,2,9
200400538010854,4,2002,2018,832,20,1,37,39,2,1,2,1,1,2,8
205112856010854,3,2004,2016,694,45,2,12,31,2,1,2,1,1,2,8
200386872010854,4,2002,2016,611,32,1,37,15,2,1,2,1,1,2,8
238504523010854,3,2007,2017,544,37,2,13,37,2,1,2,1,2,2,8
200446471010854,4,2002,2016,16,23,1,37,27,2,1,2,1,1,2,8
235093785010854,3,2009,2019,693,30,2,45,17,2,1,2,1,2,2,8
205112859010854,3,2004,2016,544,45,2,12,31,2,1,2,1,1,2,8
216700410010854,3,2000,2014,221,24,1,5,39,2,1,2,1,1,2,8
200446522010854,4,2002,2016,97,23,2,37,27,2,1,2,1,1,2,8
238808404010854,5,2000,2020,694,35,4,13,259,2,1,2,1,1,2,8
200543284010854,3,2004,2016,97,23,4,37,27,2,1,2,1,1,2,8
202399677010854,3,2000,2014,806,43,1,21,51,2,1,2,2,1,2,9
250167228010854,3,2009,2019,409,102,2,51,83,2,1,2,1,1,2,8
202474939010854,3,2003,2014,621,6,1,21,89,2,1,2,1,1,2,8
238250151010854,2,2009,2014,611,33,2,13,45,2,1,2,1,1,2,8
250167253010854,2,2009,2014,132,102,4,51,83,2,1,2,1,1,2,8
205070419010854,3,2003,2015,544,28,1,12,67,2,1,2,1,1,2,8
250228186010854,2,2009,2016,16,23,1,37,27,2,1,2,1,1,2,8
563049600126144,2,2018,2022,316,38,2,37,69,2,1,2,1,1,2,8
252261456010854,2,2010,2016,131,32,4,37,15,2,1,2,1,1,2,8
220216481010854,4,2002,2019,621,102,3,51,83,2,1,2,1,1,2,8
238504556010854,3,2007,2017,544,37,4,13,37,2,1,2,1,2,2,8
200446561010854,4,2002,2016,371,23,4,37,27,2,1,2,1,1,2,8
200400563010854,4,2002,2018,901,20,3,37,39,2,1,2,1,1,2,8
252349736010854,3,2010,2020,611,35,3,13,259,2,1,2,1,1,2,8
202424915010854,3,2001,2014,832,18,1,21,121,2,1,2,1,1,2,8
202474951010854,3,2003,2014,975,6,3,21,89,2,1,2,1,1,2,8
205070437010854,3,2003,2015,694,28,2,12,67,2,1,2,1,1,2,8
200446523010854,4,2002,2016,97,23,2,37,27,2,1,2,1,1,2,8
230722144010854,2,2009,2016,131,93,4,1,25,2,1,2,1,1,2,8
238250123010854,2,2009,2014,131,33,2,13,45,2,1,2,1,1,2,8
238250184010854,3,2009,2019,409,33,4,13,45,2,1,2,1,1,2,8
238504527010854,3,2007,2017,544,37,2,13,37,2,1,2,1,2,2,8
250228185010854,2,2009,2016,97,23,1,37,27,2,1,2,1,1,2,8
42206489010497,2,2002,2012,17,60223,2,41,49,1,1,2,2,1,2,8
259568168489998,3,2013,2022,131,38,4,37,69,2,1,2,1,1,2,8
238661051010854,2,2004,2009,111,45,4,13,87,2,1,1,1,2,2,7
205070470010854,3,2003,2015,544,28,4,12,67,2,1,2,1,1,2,8
205112847010854,3,2004,2016,544,45,2,12,31,2,1,2,1,1,2,8
238661049010854,4,2004,2019,111,45,4,13,87,2,1,1,1,2,2,7
202424914010854,3,2001,2014,531,18,1,21,121,2,1,2,1,1,2,8
200446507010854,4,2002,2016,16,23,2,37,27,2,1,2,1,2,2,8
205422110010854,5,2000,2022,621,48,1,1,9,2,1,2,1,1,2,8
202399679010854,3,2000,2014,372,43,1,21,51,2,1,2,2,1,2,9
238504549010854,3,2007,2017,691,37,4,13,37,2,1,2,1,1,2,8
200543199010854,3,2004,2016,16,23,1,37,27,2,1,2,1,1,2,8
200393059010854,3,2002,2011,316,85,1,37,101,2,1,2,1,1,2,8
42213178010497,2,2002,2012,17,84075,1,41,1,1,1,2,1,1,2,7
205070417010854,3,2003,2015,694,28,1,12,67,2,1,2,1,1,2,8
200386892010854,4,2002,2016,611,32,2,37,15,2,1,2,1,1,2,8
200386876010854,4,2002,2016,131,32,1,37,15,2,1,2,1,1,2,8
202424924010854,3,2001,2014,318,18,2,21,121,2,1,2,1,1,2,8
259568139489998,3,2013,2022,316,38,3,37,69,2,1,2,1,1,2,8
200393091010854,3,2002,2011,694,85,4,37,101,2,1,2,1,1,2,8
42206497010497,2,2002,2012,17,60223,4,41,49,1,1,2,2,1,2,8
200446554010854,4,2002,2016,97,23,4,37,27,2,1,2,1,1,2,8
238504504010854,3,2007,2017,694,37,1,13,37,2,1,2,1,1,2,8
259568145489998,3,2013,2022,762,38,3,37,69,2,1,2,1,1,2,8
202399705010854,3,2000,2014,316,43,3,21,51,2,1,2,2,1,2,9
563049587126144,2,2018,2022,833,38,1,37,69,2,1,2,1,1,2,8
200446544010854,4,2002,2016,97,23,4,37,27,2,1,2,1,1,2,8
238250179010854,3,2009,2019,835,33,4,13,45,2,1,2,1,1,2,8
250352912010854,2,2009,2014,471,6,2,21,89,2,1,2,1,1,2,8
216700416010854,4,2000,2019,722,24,3,5,39,2,1,2,1,2,2,8
258625582010854,2,2011,2016,544,45,3,12,31,2,1,2,1,1,2,8
235093789010854,3,2009,2019,693,30,2,45,17,2,1,2,1,2,2,8
230722125010854,2,2009,2016,316,93,2,1,25,2,1,2,1,1,2,8
259568135489998,3,2013,2022,762,38,3,37,69,2,1,2,1,1,2,8
205070456010854,3,2003,2015,222,28,2,12,67,2,1,2,1,1,2,8
200400544010854,4,2002,2018,762,20,1,37,39,2,1,2,1,1,2,8
259568156489998,3,2013,2022,131,38,4,37,69,2,1,2,1,1,2,8
238250099010854,3,2009,2019,812,33,1,13,45,2,1,2,1,1,2,8
200446502010854,4,2002,2016,16,23,2,37,27,2,1,2,1,2,2,8
202474936010854,3,2003,2014,693,6,1,21,89,2,1,2,1,1,2,8
205070478010854,3,2003,2015,221,28,4,12,67,2,1,2,1,1,2,8
200400534010854,4,2002,2018,655,20,1,37,39,2,1,2,1,1,2,8
250352919010854,2,2009,2014,931,6,3,21,89,2,1,2,1,1,2,8
42206488010497,2,2002,2012,93,60223,2,41,49,1,1,2,2,1,2,8
205070429010854,3,2003,2015,544,28,1,12,67,2,1,2,1,1,2,8
200618462010854,2,2006,2011,316,85,3,37,101,2,1,2,1,1,2,8
200400554010854,4,2002,2018,833,20,1,37,39,2,1,2,1,2,2,8
250167229010854,3,2009,2019,409,102,2,51,83,2,1,2,1,1,2,8
200393088010854,4,2002,2020,694,85,4,37,101,2,1,2,1,1,2,8
238661045010854,4,2004,2019,111,45,4,13,87,2,1,1,1,2,2,7
563049643126144,2,2018,2022,131,38,4,37,69,2,1,2,1,1,2,8
216700412010854,4,2000,2019,221,24,1,5,39,2,1,2,1,1,2,8
238661048010854,2,2004,2009,111,45,4,13,87,2,1,1,1,2,2,7
235093799010854,3,2009,2019,316,30,4,45,17,2,1,2,1,1,2,8
205112845010854,3,2004,2016,544,45,2,12,31,2,1,2,1,1,2,8
230722108010854,2,2009,2016,491,93,1,1,25,2,1,2,1,1,2,8
200446547010854,4,2002,2016,97,23,4,37,27,2,1,2,1,1,2,8
205070426010854,3,2003,2015,544,28,1,12,67,2,1,2,1,1,2,8
250228183010854,2,2009,2016,97,23,1,37,27,2,1,2,1,1,2,8
563049646126144,2,2018,2022,131,38,4,37,69,2,1,2,1,1,2,8
205070458010854,3,2003,2015,222,28,3,12,67,2,1,2,1,1,2,8
357479595489998,2,2015,2022,313,48,3,1,9,2,1,2,1,1,2,8
238661037010854,2,2004,2009,111,45,3,13,87,2,1,1,1,2,2,7
200446532010854,4,2002,2016,16,23,3,37,27,2,1,2,1,1,2,8
259568144489998,3,2013,2022,611,38,3,37,69,2,1,2,1,1,2,8
200393068010854,4,2002,2020,316,85,2,37,101,2,1,2,1,1,2,8
200393074010854,3,2002,2011,820,85,3,37,101,2,1,2,1,1,2,8
238250086010854,3,2009,2019,802,33,1,13,45,2,1,2,1,1,2,8
259568111489998,3,2013,2022,802,38,1,37,69,2,1,2,1,1,2,8
250167248010854,3,2009,2019,762,102,4,51,83,2,1,2,1,1,2,8
200446546010854,4,2002,2016,16,23,4,37,27,2,1,2,1,2,2,8
205112874010854,3,2004,2016,544,45,4,12,31,2,1,2,1,1,2,8
200446478010854,4,2002,2016,935,23,1,37,27,2,1,2,1,1,2,8
250352914010854,2,2009,2014,693,6,2,21,89,2,1,2,1,1,2,8
202399703010854,3,2000,2014,806,43,3,21,51,2,1,2,2,1,2,9
209339733010854,3,2008,2022,391,48,1,1,9,2,1,2,1,1,2,8
200400568010854,4,2002,2018,580,20,3,37,39,2,1,2,1,2,2,8
200357141010854,4,2002,2019,403,8,3,37,43,2,1,2,1,1,2,8
259568108489998,3,2013,2022,762,38,1,37,69,2,1,2,1,1,2,8
238504553010854,3,2007,2017,691,37,4,13,37,2,1,2,1,1,2,8
200446533010854,4,2002,2016,16,23,3,37,27,2,1,2,1,1,2,8
259568114489998,3,2013,2022,833,38,1,37,69,2,1,2,1,1,2,8
200543246010854,3,2004,2016,371,23,3,37,27,2,1,2,1,1,2,8
200400566010854,4,2002,2018,832,20,3,37,39,2,1,2,1,1,2,8
235093778010854,3,2009,2019,461,30,2,45,17,2,1,2,1,1,2,8
200400570010854,4,2002,2018,833,20,4,37,39,2,1,2,1,2,2,8
228226570010854,3,2009,2019,221,24,4,5,39,2,1,2,1,1,2,8
230722143010854,2,2009,2016,131,93,4,1,25,2,1,2,1,1,2,8
200618464010854,2,2006,2011,545,85,3,37,101,2,1,2,1,1,2,8
202424940010854,3,2001,2014,318,18,4,21,121,2,1,2,1,1,2,8
202474956010854,3,2003,2014,318,6,4,21,89,2,1,2,1,2,2,8
238504519010854,3,2007,2017,544,37,2,13,37,2,1,2,1,2,2,8
238250155010854,3,2009,2019,621,33,3,13,45,2,1,2,1,1,2,8
200357122010854,4,2002,2019,837,8,1,37,43,2,1,2,1,1,2,8
238250163010854,3,2009,2019,711,33,3,13,45,2,1,2,1,1,2,8
238250140010854,3,2009,2019,131,33,2,13,45,2,1,2,1,1,2,8
200393062010854,3,2002,2011,316,85,1,37,101,2,1,2,1,1,2,8
238504532010854,3,2007,2017,694,37,2,13,37,2,1,2,1,1,2,8
238250142010854,2,2009,2014,131,33,2,13,45,2,1,2,1,1,2,8
228226572010854,3,2009,2019,521,24,4,5,39,2,1,2,1,1,2,8
238661035010854,2,2004,2009,111,45,3,13,87,2,1,1,1,2,2,7
238504513010854,3,2007,2017,691,37,1,13,37,2,1,2,1,1,2,8
252261460010854,2,2010,2016,131,32,4,37,15,2,1,2,1,1,2,8
238661026010854,2,2004,2009,111,45,1,13,87,2,1,1,1,1,2,7
205070440010854,3,2003,2015,316,28,2,12,67,2,1,2,1,1,2,8
238634541010854,4,2005,2020,611,35,4,13,259,2,1,2,1,1,2,8
200357121010854,4,2002,2019,316,8,1,37,43,2,1,2,1,1,2,8
205112838010854,3,2004,2016,544,45,1,12,31,2,1,2,1,1,2,8
200357123010854,4,2002,2019,316,8,1,37,43,2,1,2,1,1,2,8
238504531010854,3,2007,2017,820,37,2,13,37,2,1,2,1,1,2,8
205070450010854,3,2003,2015,316,28,2,12,67,2,1,2,1,1,2,8
202399706010854,3,2000,2014,806,43,3,21,51,2,1,2,2,1,2,9
238808378010854,5,2000,2020,694,35,1,13,259,2,1,2,1,1,2,8
202399708010854,3,2000,2014,316,43,4,21,51,2,1,2,2,1,2,9
205070431010854,3,2003,2015,544,28,1,12,67,2,1,2,1,1,2,8
205070439010854,3,2003,2015,544,28,2,12,67,2,1,2,1,1,2,8
200446531010854,4,2002,2016,16,23,3,37,27,2,1,2,1,1,2,8
238808383010854,5,2000,2020,694,35,1,13,259,2,1,2,1,1,2,8
230722141010854,2,2009,2016,131,93,4,1,25,2,1,2,1,1,2,8
250228230010854,2,2009,2016,97,23,3,37,27,2,1,2,1,1,2,8
250167252010854,3,2009,2019,132,102,4,51,83,2,1,2,1,1,2,8
230722140010854,2,2009,2016,131,93,4,1,25,2,1,2,1,1,2,8
220216488010854,3,2002,2014,391,102,3,51,83,2,1,2,1,1,2,8
202424921010854,3,2001,2014,832,18,1,21,121,2,1,2,1,1,2,8
205422119010854,5,2000,2022,313,48,3,1,9,2,1,2,1,1,2,8
200446510010854,4,2002,2016,16,23,2,37,27,2,1,2,1,1,2,8
209339755010854,3,2008,2022,313,48,3,1,9,2,1,2,1,1,2,8
238504552010854,3,2007,2017,544,37,4,13,37,2,1,2,1,2,2,8
235093783010854,3,2009,2019,611,30,2,45,17,2,1,2,1,1,2,8
238504522010854,3,2007,2017,544,37,2,13,37,2,1,2,1,2,2,8
238504550010854,3,2007,2017,691,37,4,13,37,2,1,2,1,1,2,8
202479979010854,3,2003,2013,409,23,1,21,13,2,1,2,1,1,2,8
200446488010854,4,2002,2016,97,23,1,37,27,2,1,2,1,1,2,8
238808382010854,5,2000,2020,316,35,1,13,259,2,1,2,1,1,2,8
204687030010854,3,2001,2016,131,93,3,1,25,2,1,2,1,1,2,8
200446536010854,4,2002,2016,97,23,3,37,27,2,1,2,1,1,2,8
202399710010854,3,2000,2014,316,43,4,21,51,2,1,2,2,1,2,9
42206494010497,2,2002,2012,17,60223,4,41,49,1,1,2,2,1,2,8
238250177010854,3,2009,2019,621,33,3,13,45,2,1,2,1,1,2,8
200400551010854,4,2002,2018,833,20,1,37,39,2,1,2,1,2,2,8
216700420010854,4,2000,2019,722,24,3,5,39,2,1,2,1,2,2,8
238504545010854,3,2007,2017,822,37,3,13,37,2,1,2,1,1,2,8
230722153010854,2,2009,2016,131,93,4,1,25,2,1,2,1,1,2,8
200446539010854,4,2002,2016,97,23,3,37,27,2,1,2,1,1,2,8
42206484010497,2,2002,2012,17,60223,1,41,49,1,1,2,2,1,2,8
238504512010854,3,2007,2017,694,37,1,13,37,2,1,2,1,1,2,8
250335167010854,2,2009,2014,316,43,3,21,51,2,1,2,2,1,2,9
238250131010854,2,2009,2014,131,33,2,13,45,2,1,2,1,1,2,8
238250185010854,3,2009,2019,812,33,4,13,45,2,1,2,1,1,2,8
202479977010854,3,2003,2013,403,23,1,21,13,2,1,2,1,1,2,8
238504506010854,3,2007,2017,316,37,1,13,37,2,1,2,1,1,2,8
357479579489998,2,2015,2022,313,48,1,1,9,2,1,2,1,2,2,8
202424939010854,3,2001,2014,531,18,4,21,121,2,1,2,1,1,2,8
200393087010854,3,2002,2011,822,85,4,37,101,2,1,2,1,1,2,8
200446526010854,4,2002,2016,97,23,2,37,27,2,1,2,1,1,2,8
250228260010854,2,2009,2016,16,23,4,37,27,2,1,2,1,1,2,8
250228184010854,2,2009,2016,16,23,1,37,27,2,1,2,1,2,2,8
250335139010854,2,2009,2014,316,43,1,21,51,2,1,2,2,1,2,9
238305851010854,2,2009,2014,611,45,1,13,87,2,1,1,1,1,2,7
258625581010854,2,2011,2016,544,45,3,12,31,2,1,2,1,1,2,8
205112837010854,3,2004,2016,544,45,1,12,31,2,1,2,1,1,2,8
205070428010854,3,2003,2015,694,28,1,12,67,2,1,2,1,1,2,8
200386889010854,4,2002,2016,611,32,2,37,15,2,1,2,1,1,2,8
205422125010854,5,2000,2022,391,48,4,1,9,2,1,2,1,1,2,8
200357131010854,4,2002,2019,711,8,2,37,43,2,1,2,1,1,2,8
200400557010854,4,2002,2018,372,20,2,37,39,2,1,2,1,1,2,8
205112862010854,3,2004,2016,544,45,3,12,31,2,1,2,1,1,2,8
200386874010854,4,2002,2016,316,32,1,37,15,2,1,2,1,1,2,8
216700418010854,4,2000,2019,221,24,3,5,39,2,1,2,1,1,2,8
200575049010854,3,2005,2018,833,20,4,37,39,2,1,2,1,1,2,8
202474955010854,3,2003,2014,318,6,4,21,89,2,1,2,1,2,2,8
230722116010854,2,2009,2016,131,93,1,1,25,2,1,2,1,1,2,8
205112876010854,3,2004,2016,221,45,4,12,31,2,1,2,1,1,2,8
238661034010854,4,2004,2019,111,45,3,13,87,2,1,1,1,2,2,7
235093779010854,3,2009,2019,922,30,2,45,17,2,1,2,1,1,2,8
238661029010854,2,2004,2009,111,45,1,13,87,2,1,1,1,1,2,7
202399709010854,3,2000,2014,316,43,4,21,51,2,1,2,2,1,2,9
202474942010854,3,2003,2014,621,6,1,21,89,2,1,2,1,1,2,8
220216447010854,4,2002,2019,711,102,1,51,83,2,1,2,1,1,2,8
202479988010854,3,2003,2013,693,23,3,21,13,2,1,2,1,1,2,8
202399687010854,3,2000,2014,711,43,2,21,51,2,1,2,2,1,2,9
210936036010854,5,2000,2019,611,30,3,45,17,2,1,2,1,1,2,8
200357151010854,4,2002,2019,711,8,4,37,43,2,1,2,1,1,2,8
205394185010854,4,2000,2016,131,93,3,1,25,2,1,2,1,1,2,8
238250143010854,2,2009,2014,131,33,2,13,45,2,1,2,1,1,2,8
250335153010854,2,2009,2014,316,43,2,21,51,2,1,2,2,1,2,9
205422111010854,5,2000,2022,611,48,1,1,9,2,1,2,1,1,2,8
250217393010854,2,2009,2018,315,20,3,37,39,2,1,2,1,1,2,8
220216477010854,3,2002,2014,316,102,3,51,83,2,1,2,1,1,2,8
205394184010854,4,2000,2016,131,93,3,1,25,2,1,2,1,1,2,8
238504548010854,3,2007,2017,691,37,4,13,37,2,1,2,1,1,2,8
238661033010854,4,2004,2019,111,45,2,13,87,2,1,1,1,2,2,7
252349734010854,3,2010,2020,653,35,2,13,259,2,1,2,1,1,2,8
250352932010854,2,2009,2014,621,6,4,21,89,2,1,2,1,1,2,8
220216480010854,4,2002,2019,621,102,3,51,83,2,1,2,1,1,2,8
238504520010854,3,2007,2017,691,37,2,13,37,2,1,2,1,1,2,8
202474949010854,3,2003,2014,693,6,2,21,89,2,1,2,1,1,2,8
259568155489998,3,2013,2022,131,38,4,37,69,2,1,2,1,1,2,8
238504509010854,3,2007,2017,544,37,1,13,37,2,1,2,1,2,2,8
250335168010854,2,2009,2014,316,43,3,21,51,2,1,2,2,1,2,9
252349740010854,3,2010,2020,827,35,3,13,259,2,1,2,1,1,2,8
200446492010854,4,2002,2016,935,23,1,37,27,2,1,2,1,1,2,8
202399688010854,3,2000,2014,806,43,2,21,51,2,1,2,2,1,2,9
200393079010854,3,2002,2011,316,85,3,37,101,2,1,2,1,1,2,8
250352924010854,2,2009,2014,316,6,4,21,89,2,1,2,1,1,2,8
202399675010854,3,2000,2014,356,43,1,21,51,2,1,2,2,1,2,9
202479989010854,3,2003,2013,403,23,4,21,13,2,1,2,1,2,2,8
200618441010854,2,2006,2011,316,85,1,37,101,2,1,2,1,1,2,8
250167249010854,2,2009,2014,132,102,4,51,83,2,1,2,1,1,2,8
210936030010854,5,2000,2019,131,30,3,45,17,2,1,2,1,1,2,8
259568142489998,3,2013,2022,611,38,3,37,69,2,1,2,1,1,2,8
357479592489998,2,2015,2022,611,48,2,1,9,2,1,2,1,1,2,8
202474948010854,3,2003,2014,693,6,2,21,89,2,1,2,1,1,2,8
200393052010854,3,2002,2011,316,85,1,37,101,2,1,2,1,1,2,8
259568140489998,3,2013,2022,316,38,3,37,69,2,1,2,1,1,2,8
250167225010854,3,2009,2019,611,102,2,51,83,2,1,2,1,1,2,8
238250181010854,3,2009,2019,812,33,4,13,45,2,1,2,1,1,2,8
228226573010854,3,2009,2019,221,24,4,5,39,2,1,2,1,1,2,8
230722137010854,2,2009,2016,611,93,3,1,25,2,1,2,1,1,2,8
